INSPECTION_STATUS,VIOLATION_CODE,VIOLATION_STATUS,INSPECTION_CATEGORY,PROPERTY_GROUP,LONGITUDE,LATITUDE,DEPARTMENT_BUREAU
FAILED,CN190019,OPEN,COMPLAINT,small,-87.681507,41.707431,CONSERVATION
FAILED,CN073024,OPEN,COMPLAINT,small,-87.565896,41.738661,CONSERVATION
FAILED,CN103015,OPEN,COMPLAINT,small,-87.557737,41.726229,CONSERVATION
FAILED,CN062024,OPEN,COMPLAINT,small,-87.747587,41.892363,CONSERVATION
FAILED,CN190019,OPEN,COMPLAINT,small,-87.610456,41.760694,CONSERVATION
FAILED,CN074024,OPEN,COMPLAINT,small,-87.71002,41.85315,CONSERVATION
FAILED,CN074024,OPEN,COMPLAINT,small,-87.589896,41.758623,CONSERVATION
FAILED,PL157047,OPEN,COMPLAINT,small,-87.658935,41.769224,CONSERVATION
FAILED,CN015012,OPEN,COMPLAINT,small,-87.662575,41.804456,CONSERVATION
FAILED,CN070034,OPEN,COMPLAINT,small,-87.615514,41.769776,CONSERVATION
FAILED,CN190019,OPEN,PERIODIC,small,-87.652242,41.954411,CONSERVATION
FAILED,VT3020,OPEN,COMPLAINT,small,-87.625165,41.898262,VENTILATION
FAILED,CN190019,OPEN,PERIODIC,small,-87.718735,41.939308,SPECIAL INSPECTION PROGRAM
FAILED,CN105015,OPEN,COMPLAINT,small,-87.657754,41.806052,CONSERVATION
FAILED,CN140026,OPEN,PERIODIC,small,-87.754974,41.873894,CONSERVATION
FAILED,EL0023,OPEN,COMPLAINT,small,-87.782657,41.953993,CONSERVATION
PASSED,EV1111,COMPLIED,PERIODIC,small,-87.55732,41.760915,ELEVATOR
PASSED,EL0085,COMPLIED,COMPLAINT,small,-87.765136,41.966685,ELECTRICAL
FAILED,CN105085,OPEN,COMPLAINT,small,-87.728646,41.903653,CONSERVATION
FAILED,PL171027,OPEN,COMPLAINT,small,-87.654752,41.783673,PLUMBING
FAILED,CN077014,OPEN,COMPLAINT,small,-87.6518,41.729714,CONSERVATION
FAILED,CN190020,OPEN,COMPLAINT,small,-87.769744,41.882064,CONSERVATION
FAILED,CN196029,OPEN,COMPLAINT,small,-87.744235,41.878163,CONSERVATION
FAILED,CN105085,OPEN,COMPLAINT,small,-87.735497,41.883137,CONSERVATION
FAILED,EL0010,OPEN,COMPLAINT,small,-87.609508,41.770886,ELECTRICAL
FAILED,CN062024,OPEN,COMPLAINT,small,-87.724256,41.838817,CONSERVATION
FAILED,CN197087,OPEN,COMPLAINT,small,-87.658033,41.988972,CONSERVATION
FAILED,CN197079,OPEN,PERIODIC,small,-87.65513,41.975333,CONSERVATION
FAILED,CN069014,OPEN,COMPLAINT,small,-87.743412,41.917983,CONSERVATION
FAILED,CN070024,OPEN,COMPLAINT,small,-87.648833,41.78973,CONSERVATION
FAILED,CN070014,OPEN,COMPLAINT,small,-87.731491,41.907469,CONSERVATION
FAILED,CN198019,OPEN,COMPLAINT,small,-87.683239,41.919822,CONSERVATION
FAILED,CN070024,OPEN,COMPLAINT,small,-87.732138,41.896501,CONSERVATION
FAILED,VT1010,OPEN,COMPLAINT,small,-87.721294,41.863622,VENTILATION
FAILED,EV1110,COMPLIED,PERMIT,small,-87.622565,41.888,ELEVATOR
FAILED,CN074014,OPEN,COMPLAINT,small,-87.566259,41.74358,CONSERVATION
FAILED,CN196029,OPEN,COMPLAINT,small,-87.642817,41.756241,CONSERVATION
FAILED,CN196029,COMPLIED,COMPLAINT,small,-87.571445,41.772848,CONSERVATION
FAILED,CN196029,OPEN,COMPLAINT,small,-87.712719,41.749474,CONSERVATION
FAILED,PL157047,OPEN,COMPLAINT,small,-87.661008,41.790754,CONSERVATION
FAILED,CN065014,OPEN,COMPLAINT,small,-87.684694,41.901761,CONSERVATION
FAILED,CN063014,OPEN,COMPLAINT,small,-87.588051,41.76644,CONSERVATION
FAILED,EV1110,OPEN,PERMIT,small,-87.642865,41.947338,ELEVATOR
FAILED,PL157017,OPEN,COMPLAINT,small,-87.661961,41.780501,SPECIAL TASK FORCE
FAILED,CN132016,OPEN,COMPLAINT,small,-87.724256,41.838817,CONSERVATION
FAILED,EL0025,OPEN,COMPLAINT,small,-87.572121,41.748222,ELECTRICAL
FAILED,CN074014,OPEN,COMPLAINT,small,-87.606429,41.756365,CONSERVATION
FAILED,CN062024,OPEN,COMPLAINT,small,-87.614197,41.777453,CONSERVATION
FAILED,CN190019,OPEN,COMPLAINT,small,-87.805226,41.933627,CONSERVATION
PASSED,EV1110,COMPLIED,PERMIT,small,-87.766684,41.939649,ELEVATOR
FAILED,CN079014,OPEN,COMPLAINT,small,-87.599865,41.774592,CONSERVATION
FAILED,CN190019,OPEN,COMPLAINT,small,-87.707552,41.902934,CONSERVATION
FAILED,CN074014,OPEN,COMPLAINT,small,-87.775552,41.957321,CONSERVATION
FAILED,PL171017,OPEN,COMPLAINT,small,-87.735408,41.874615,SPECIAL TASK FORCE
FAILED,CN196029,OPEN,COMPLAINT,small,-87.629775,41.758976,CONSERVATION
FAILED,CN021053,OPEN,PERIODIC,small,-87.599501,41.791521,SPECIAL INSPECTION PROGRAM
FAILED,CN104015,OPEN,COMPLAINT,small,-87.71671,41.863762,CONSERVATION
FAILED,CN104015,OPEN,COMPLAINT,small,-87.69881,41.822813,CONSERVATION
FAILED,CN061014,OPEN,COMPLAINT,small,-87.710713,41.785114,CONSERVATION
FAILED,PL161027,OPEN,COMPLAINT,small,-87.554195,41.748518,SPECIAL TASK FORCE
FAILED,CN070024,OPEN,COMPLAINT,small,-87.632242,41.817607,CONSERVATION
PASSED,EV1760,COMPLIED,PERMIT,large,-87.624309,41.88454,ELEVATOR
FAILED,CN070024,OPEN,PERIODIC,small,-87.585312,41.797182,CONSERVATION
FAILED,CN197019,OPEN,COMPLAINT,small,-87.545914,41.734509,CONSERVATION
PASSED,CN101015,COMPLIED,COMPLAINT,small,-87.582727,41.750542,CONSERVATION
PASSED,VT1030,COMPLIED,PERMIT,small,-87.67222,41.977157,VENTILATION
FAILED,CN107035,OPEN,COMPLAINT,small,-87.645843,41.778681,CONSERVATION
FAILED,CN190019,OPEN,COMPLAINT,small,-87.556545,41.744161,CONSERVATION
FAILED,CN104035,OPEN,COMPLAINT,small,-87.680745,41.961525,CONSERVATION
PASSED,VT1010,COMPLIED,PERMIT,small,-87.682573,41.900475,VENTILATION
FAILED,CN104015,OPEN,COMPLAINT,small,-87.586539,41.742256,CONSERVATION
FAILED,CN196029,OPEN,COMPLAINT,small,-87.733828,41.917181,CONSERVATION
FAILED,CN062024,OPEN,COMPLAINT,small,-87.749896,41.909687,CONSERVATION
FAILED,CN076044,OPEN,COMPLAINT,small,-87.651587,41.755393,CONSERVATION
FAILED,EV1110,COMPLIED,PERMIT,small,-87.622194,41.852998,ELEVATOR
FAILED,CN197079,OPEN,PERIODIC,small,-87.728857,41.883435,CONSERVATION
FAILED,CN076064,OPEN,COMPLAINT,small,-87.646783,41.682458,SPECIAL TASK FORCE
PASSED,EV1111,COMPLIED,PERMIT,small,-87.606782,41.892292,ELEVATOR
FAILED,CN190019,OPEN,COMPLAINT,small,-87.685363,41.812169,CONSERVATION
FAILED,CN104015,OPEN,COMPLAINT,small,-87.584372,41.756025,CONSERVATION
FAILED,CN070014,OPEN,COMPLAINT,small,-87.672363,41.806823,CONSERVATION
FAILED,CN190019,OPEN,COMPLAINT,small,-87.728496,41.943262,CONSERVATION
FAILED,CN065034,OPEN,COMPLAINT,small,-87.681579,42.000141,CONSERVATION
PASSED,EV1110,COMPLIED,PERIODIC,small,-87.641541,41.94325,ELEVATOR
PASSED,EV1110,COMPLIED,PERIODIC,small,-87.685657,41.847381,ELEVATOR
FAILED,CN076044,OPEN,COMPLAINT,small,-87.732212,41.940159,CONSERVATION
FAILED,EV1110,OPEN,PERMIT,small,-87.595384,41.803307,ELEVATOR
FAILED,CN062024,OPEN,COMPLAINT,small,-87.653409,41.778632,CONSERVATION
FAILED,CN190019,OPEN,COMPLAINT,small,-87.761955,41.91042,SPECIAL TASK FORCE
FAILED,CN070024,OPEN,COMPLAINT,small,-87.681758,41.884446,CONSERVATION
FAILED,CN198019,OPEN,COMPLAINT,small,-87.719125,41.902166,CONSERVATION
FAILED,CN031023,OPEN,PERIODIC,small,-87.768302,41.881103,CONSERVATION
FAILED,EV1110,COMPLIED,PERIODIC,small,-87.657731,41.994475,ELEVATOR
FAILED,PL171027,OPEN,COMPLAINT,small,-87.729215,41.877824,SPECIAL TASK FORCE
FAILED,CN062034,OPEN,COMPLAINT,small,-87.623949,41.707268,CONSERVATION
FAILED,CN197019,OPEN,COMPLAINT,small,-87.619835,41.684054,CONSERVATION
FAILED,NC2011,OPEN,COMPLAINT,small,-87.734751,41.940066,CONSERVATION
FAILED,CN061014,OPEN,COMPLAINT,small,-87.684861,41.941424,CONSERVATION
FAILED,CN197019,OPEN,COMPLAINT,small,-87.711015,41.88452,SPECIAL TASK FORCE
FAILED,VT1010,OPEN,PERMIT,small,-87.670483,41.954534,VENTILATION
FAILED,EL0033,OPEN,COMPLAINT,small,-87.612856,41.759958,ELECTRICAL
FAILED,EV1111,OPEN,PERIODIC,small,-87.698485,41.984965,ELEVATOR
FAILED,CN135016,OPEN,PERIODIC,small,-87.582112,41.761652,CONSERVATION
FAILED,PL157047,OPEN,COMPLAINT,small,-87.708827,41.918994,CONSERVATION
FAILED,CN061014,OPEN,COMPLAINT,small,-87.655709,41.761282,CONSERVATION
FAILED,CN190019,OPEN,COMPLAINT,small,-87.76893,41.895798,CONSERVATION
FAILED,CN073044,OPEN,COMPLAINT,small,-87.590165,41.768635,CONSERVATION
FAILED,CN105035,OPEN,PERIODIC,small,-87.585033,41.801777,CONSERVATION
FAILED,PL171017,OPEN,COMPLAINT,small,-87.722774,41.898941,SPECIAL TASK FORCE
FAILED,CN070024,OPEN,COMPLAINT,small,-87.588051,41.76644,CONSERVATION
FAILED,CN135016,OPEN,COMPLAINT,small,-87.643062,41.754371,CONSERVATION
FAILED,CN064014,OPEN,COMPLAINT,small,-87.736538,41.877062,CONSERVATION
FAILED,CN197087,OPEN,COMPLAINT,small,-87.687338,41.818717,CONSERVATION
FAILED,CN190019,OPEN,COMPLAINT,small,-87.714074,41.956543,SPECIAL TASK FORCE
FAILED,CN063044,OPEN,COMPLAINT,small,-87.672082,41.807483,CONSERVATION
FAILED,CN074014,OPEN,COMPLAINT,small,-87.59035,41.769541,CONSERVATION
PASSED,RF301051,COMPLIED,PERMIT,small,-87.695023,41.930521,REFRIGERATION
FAILED,CN196029,OPEN,COMPLAINT,small,-87.763714,41.933339,CONSERVATION
FAILED,CN197079,OPEN,PERIODIC,small,-87.611749,41.782022,CONSERVATION
FAILED,EV1110,OPEN,COMPLAINT,small,-87.659017,41.887785,ELEVATOR
FAILED,CN198019,OPEN,COMPLAINT,small,-87.69003,41.784549,CONSERVATION
FAILED,CN190019,OPEN,COMPLAINT,small,-87.678495,41.688167,PLUMBING
FAILED,EL0095,OPEN,COMPLAINT,small,-87.723668,41.85246,ELECTRICAL
FAILED,CN190029,OPEN,PERIODIC,small,-87.625876,41.862932,CONSERVATION
PASSED,VT1010,COMPLIED,PERMIT,small,-87.72215,41.971464,VENTILATION
PASSED,CN070024,COMPLIED,COMPLAINT,small,-87.657977,41.733187,CONSERVATION
FAILED,CN070024,OPEN,COMPLAINT,small,-87.638547,41.756428,CONSERVATION
FAILED,CN101015,OPEN,COMPLAINT,small,-87.702298,41.898442,CONSERVATION
FAILED,CN077044,OPEN,COMPLAINT,small,-87.667234,41.796707,CONSERVATION
FAILED,EL0095,OPEN,COMPLAINT,small,-87.551097,41.729533,SPECIAL TASK FORCE
FAILED,CN079014,OPEN,COMPLAINT,small,-87.703402,41.74753,CONSERVATION
FAILED,CN134026,OPEN,COMPLAINT,small,-87.721216,41.861002,CONSERVATION
FAILED,CN136026,OPEN,COMPLAINT,small,-87.600332,41.738423,CONSERVATION
PASSED,VT1010,OPEN,PERMIT,small,-87.624381,41.896791,VENTILATION
FAILED,CN197019,OPEN,COMPLAINT,small,-87.734722,41.916952,CONSERVATION
FAILED,EV1110,COMPLIED,PERMIT,small,-87.679551,41.92634,ELEVATOR
FAILED,CN065034,OPEN,COMPLAINT,small,-87.695782,41.9083,CONSERVATION
FAILED,CN138106,OPEN,COMPLAINT,small,-87.711376,41.880805,SPECIAL TASK FORCE
PASSED,VT1010,OPEN,PERMIT,small,-87.672762,41.912271,VENTILATION
FAILED,CN076044,OPEN,COMPLAINT,small,-87.698694,41.788911,CONSERVATION
FAILED,CN076054,OPEN,COMPLAINT,small,-87.715933,41.940951,CONSERVATION
FAILED,EV1110,OPEN,COMPLAINT,small,-87.622619,41.89107,ELEVATOR
FAILED,CN102015,OPEN,COMPLAINT,small,-87.725517,41.879873,SPECIAL TASK FORCE
FAILED,CN138106,OPEN,COMPLAINT,small,-87.619002,41.845369,CONSERVATION
FAILED,CN070014,OPEN,COMPLAINT,small,-87.692364,41.780581,CONSERVATION
FAILED,CN198019,OPEN,COMPLAINT,small,-87.756441,41.896641,CONSERVATION
FAILED,CN067014,COMPLIED,COMPLAINT,large,-87.722477,41.902048,CONSERVATION
FAILED,CN110105,OPEN,COMPLAINT,small,-87.692645,41.852052,CONSERVATION
FAILED,NC3012,OPEN,PERIODIC,small,-87.649027,41.928848,CONSERVATION
FAILED,EL0018,OPEN,COMPLAINT,small,-87.666911,41.784297,ELECTRICAL
FAILED,CN196029,COMPLIED,COMPLAINT,small,-87.581554,41.76322,CONSERVATION
FAILED,CN196029,OPEN,COMPLAINT,small,-87.712267,41.846671,CONSERVATION
FAILED,CN073014,OPEN,PERIODIC,small,-87.648409,41.831499,CONSERVATION
PASSED,BR2080,COMPLIED,PERIODIC,small,-87.702241,41.873842,BOILER
FAILED,EL0027,OPEN,PERIODIC,small,-87.622964,41.692695,CONSERVATION
FAILED,CN076054,OPEN,PERIODIC,small,-87.749103,41.917004,CONSERVATION
FAILED,CN138106,OPEN,COMPLAINT,small,-87.694252,41.936747,CONSERVATION
FAILED,CN190019,OPEN,COMPLAINT,small,-87.692806,41.761835,CONSERVATION
FAILED,EV1110,COMPLIED,PERIODIC,small,-87.654523,41.882283,ELEVATOR
PASSED,CN063024,COMPLIED,COMPLAINT,small,-87.621658,41.833212,CONSERVATION
FAILED,CN131016,OPEN,COMPLAINT,small,-87.615731,41.673674,CONSERVATION
PASSED,VT1010,OPEN,PERMIT,small,-87.642935,41.768754,VENTILATION
FAILED,CN067014,OPEN,COMPLAINT,small,-87.678567,41.68445,CONSERVATION
FAILED,CN061014,OPEN,COMPLAINT,small,-87.692105,41.985857,CONSERVATION
FAILED,CN064014,OPEN,COMPLAINT,small,-87.702841,41.869968,CONSERVATION
FAILED,EV1110,OPEN,PERMIT,small,-87.625667,41.901711,ELEVATOR
FAILED,CN061014,OPEN,COMPLAINT,small,-87.690651,41.772959,CONSERVATION
FAILED,CN070024,OPEN,COMPLAINT,small,-87.686035,41.815134,CONSERVATION
FAILED,CN073014,OPEN,COMPLAINT,small,-87.728068,41.883929,SPECIAL TASK FORCE
FAILED,CN015062,OPEN,COMPLAINT,small,-87.575081,41.771793,CONSERVATION
FAILED,CN197087,OPEN,COMPLAINT,small,-87.757264,41.880455,SPECIAL TASK FORCE
FAILED,CN062024,OPEN,COMPLAINT,small,-87.734294,41.925335,CONSERVATION
FAILED,PL171017,COMPLIED,COMPLAINT,small,-87.677611,41.903295,SPECIAL TASK FORCE
FAILED,CN190019,OPEN,COMPLAINT,small,-87.676988,41.89881,CONSERVATION
FAILED,CN061014,OPEN,COMPLAINT,small,-87.76768,41.931368,CONSERVATION
FAILED,CN063014,OPEN,COMPLAINT,small,-87.565925,41.712236,CONSERVATION
FAILED,PL157047,OPEN,COMPLAINT,small,-87.668031,41.780692,CONSERVATION
FAILED,CN190029,OPEN,PERIODIC,small,-87.700375,41.937663,CONSERVATION
FAILED,RF301051,OPEN,PERMIT,small,-87.769843,41.925596,REFRIGERATION
FAILED,CN061064,OPEN,COMPLAINT,small,-87.610407,41.822813,CONSERVATION
FAILED,CN063024,OPEN,COMPLAINT,small,-87.604595,41.733301,CONSERVATION
FAILED,CN196029,OPEN,COMPLAINT,small,-87.747324,41.92186,CONSERVATION
FAILED,CN062024,OPEN,COMPLAINT,small,-87.614172,41.764448,CONSERVATION
FAILED,CN062024,OPEN,PERIODIC,small,-87.836759,41.976942,CONSERVATION
FAILED,CN061014,OPEN,COMPLAINT,small,-87.639681,41.720006,CONSERVATION
FAILED,CN190019,OPEN,COMPLAINT,small,-87.559217,41.762835,PLUMBING
FAILED,CN076034,OPEN,COMPLAINT,small,-87.80245,41.951024,CONSERVATION
FAILED,CN074024,OPEN,PERIODIC,small,-87.711296,41.931579,CONSERVATION
FAILED,CN065014,OPEN,COMPLAINT,small,-87.705129,41.852492,SPECIAL INSPECTION PROGRAM
FAILED,CN104025,OPEN,COMPLAINT,small,-87.674084,41.780667,CONSERVATION
FAILED,CN190019,OPEN,COMPLAINT,small,-87.722408,41.887649,CONSERVATION
FAILED,CN138056,OPEN,COMPLAINT,small,-87.579061,41.759104,CONSERVATION
FAILED,VT1010,OPEN,PERMIT,small,-87.68584,41.90985,VENTILATION
FAILED,CN198019,OPEN,COMPLAINT,small,-87.624274,41.74693,CONSERVATION
FAILED,CN138056,OPEN,COMPLAINT,small,-87.733828,41.917181,CONSERVATION
FAILED,NC2022,OPEN,COMPLAINT,small,-87.775345,41.982119,NEW CONSTRUCTION
FAILED,CN104035,OPEN,COMPLAINT,small,-87.767604,41.96713,CONSERVATION
FAILED,CN196029,OPEN,COMPLAINT,small,-87.536643,41.720123,CONSERVATION
FAILED,CN136016,OPEN,COMPLAINT,small,-87.662676,41.794173,SPECIAL INSPECTION PROGRAM
FAILED,NC2011,OPEN,COMPLAINT,small,-87.670108,41.82486,CONSERVATION
FAILED,CN198019,OPEN,COMPLAINT,small,-87.72736,41.734944,CONSERVATION
FAILED,NC2011,OPEN,COMPLAINT,small,-87.634444,41.907182,NEW CONSTRUCTION
FAILED,CN079014,OPEN,COMPLAINT,small,-87.704402,41.950615,CONSERVATION
FAILED,CN136026,OPEN,COMPLAINT,small,-87.713988,41.872792,CONSERVATION
FAILED,NC2011,OPEN,COMPLAINT,small,-87.698812,41.925789,NEW CONSTRUCTION
FAILED,CN138106,OPEN,COMPLAINT,small,-87.733703,41.91619,CONSERVATION
FAILED,CN104015,OPEN,PERIODIC,small,-87.774507,41.880033,CONSERVATION
FAILED,CN197087,OPEN,PERIODIC,small,-87.706009,41.963112,CONSERVATION
FAILED,CN079014,OPEN,COMPLAINT,small,-87.688059,41.767263,CONSERVATION
FAILED,CN061014,OPEN,COMPLAINT,small,-87.648221,41.765858,SPECIAL TASK FORCE
FAILED,VT1010,OPEN,PERMIT,small,-87.569753,41.770766,VENTILATION
FAILED,CN190019,COMPLIED,COMPLAINT,small,-87.771543,41.880081,SPECIAL TASK FORCE
FAILED,CN077014,OPEN,COMPLAINT,small,-87.681507,41.707431,CONSERVATION
FAILED,CN103015,OPEN,COMPLAINT,small,-87.70689,41.779022,SPECIAL TASK FORCE
FAILED,CN070014,OPEN,COMPLAINT,small,-87.63564,41.78343,CONSERVATION
FAILED,CN070014,OPEN,COMPLAINT,small,-87.78431,41.943963,CONSERVATION
FAILED,CN061014,OPEN,COMPLAINT,large,-87.718887,41.891651,CONSERVATION
FAILED,CN106015,OPEN,COMPLAINT,small,-87.66442,41.781721,CONSERVATION
FAILED,EV1110,OPEN,PERIODIC,small,-87.656757,41.706882,ELEVATOR
FAILED,CN197087,OPEN,COMPLAINT,small,-87.613424,41.684102,CONSERVATION
FAILED,CN107035,OPEN,COMPLAINT,small,-87.769833,41.931337,CONSERVATION
FAILED,CN077014,OPEN,COMPLAINT,small,-87.721893,41.866326,CONSERVATION
FAILED,CN104015,OPEN,COMPLAINT,small,-87.612705,41.766014,SPECIAL TASK FORCE
FAILED,CN046013,OPEN,COMPLAINT,small,-87.556381,41.758444,CONSERVATION
FAILED,CN015062,OPEN,COMPLAINT,small,-87.60882,41.808676,CONSERVATION
FAILED,CN073014,OPEN,COMPLAINT,small,-87.7221,41.969585,CONSERVATION
FAILED,CN101015,OPEN,COMPLAINT,small,-87.674333,41.77942,CONSERVATION
FAILED,CN032035,OPEN,PERIODIC,small,-87.676892,41.908769,CONSERVATION
FAILED,CN062024,OPEN,COMPLAINT,small,-87.721025,41.903896,CONSERVATION
PASSED,EV1110,COMPLIED,PERMIT,small,-87.640837,41.93668,ELEVATOR
FAILED,CN077024,OPEN,COMPLAINT,small,-87.604538,41.73097,CONSERVATION
FAILED,CN104015,OPEN,COMPLAINT,small,-87.561084,41.742618,CONSERVATION
FAILED,CN077014,OPEN,PERIODIC,small,-87.666696,42.006784,CONSERVATION
FAILED,CN197087,OPEN,PERIODIC,small,-87.667443,41.999835,CONSERVATION
FAILED,NC2011,OPEN,COMPLAINT,small,-87.581802,41.750551,NEW CONSTRUCTION
FAILED,NC2071,OPEN,COMPLAINT,small,-87.729903,41.920675,CONSERVATION
FAILED,CN138106,OPEN,COMPLAINT,small,-87.557093,41.736426,CONSERVATION
FAILED,CN070024,OPEN,COMPLAINT,small,-87.659,41.777836,CONSERVATION
FAILED,NC2011,OPEN,COMPLAINT,small,-87.674084,41.780667,CONSERVATION
FAILED,CN190019,OPEN,COMPLAINT,small,-87.805539,42.000445,CONSERVATION
FAILED,NC2021,OPEN,PERIODIC,small,-87.582973,41.764374,CONSERVATION
FAILED,VT2020,OPEN,COMPLAINT,small,-87.692129,41.975027,VENTILATION
FAILED,CN070024,OPEN,COMPLAINT,small,-87.735583,41.793827,CONSERVATION
FAILED,CN075014,OPEN,COMPLAINT,small,-87.671281,41.952118,CONSERVATION
PASSED,EV1111,COMPLIED,PERMIT,small,-87.662904,41.93989,ELEVATOR
FAILED,CN197019,OPEN,COMPLAINT,small,-87.760851,41.940582,CONSERVATION
FAILED,EL0096,OPEN,COMPLAINT,small,-87.585827,41.769129,SIGNS
FAILED,NC5062,OPEN,PERIODIC,small,-87.656391,41.980859,CONSERVATION
FAILED,CN190029,OPEN,PERIODIC,small,-87.66483,41.797819,CONSERVATION
FAILED,CN190019,OPEN,PERIODIC,small,-87.599802,41.795646,CONSERVATION
FAILED,CN196029,OPEN,COMPLAINT,small,-87.601672,41.750495,CONSERVATION
FAILED,EV1110,OPEN,PERIODIC,small,-87.745784,41.900564,ELEVATOR
PASSED,BR1001,COMPLIED,PERIODIC,small,-87.686038,41.938157,BOILER
FAILED,CN070014,OPEN,COMPLAINT,small,-87.772741,41.900476,SPECIAL TASK FORCE
FAILED,CN061014,OPEN,COMPLAINT,small,-87.545771,41.652793,CONSERVATION
FAILED,CN197089,OPEN,PERIODIC,small,-87.589224,41.800852,CONSERVATION
FAILED,CN074014,OPEN,COMPLAINT,small,-87.748348,41.893383,CONSERVATION
FAILED,CN104015,OPEN,COMPLAINT,small,-87.627138,41.682598,CONSERVATION
FAILED,EL0096,OPEN,COMPLAINT,small,-87.623611,41.851024,SIGNS
FAILED,CN073014,OPEN,COMPLAINT,small,-87.599275,41.778403,CONSERVATION
FAILED,CN079014,OPEN,COMPLAINT,small,-87.676474,41.856852,CONSERVATION
FAILED,CN062024,OPEN,COMPLAINT,small,-87.744025,41.92538,CONSERVATION
PASSED,CN061034,COMPLIED,COMPLAINT,small,-87.652978,41.969223,CONSERVATION
FAILED,CN190019,OPEN,COMPLAINT,small,-87.638629,41.759723,CONSERVATION
FAILED,CN070014,OPEN,COMPLAINT,small,-87.570827,41.717776,CONSERVATION
FAILED,PL194029,OPEN,COMPLAINT,small,-87.761604,41.886258,SPECIAL TASK FORCE
FAILED,CN190019,OPEN,COMPLAINT,small,-87.68682,41.900717,CONSERVATION
FAILED,CN070024,OPEN,PERIODIC,small,-87.664455,41.968225,CONSERVATION
FAILED,CN190019,OPEN,COMPLAINT,small,-87.63116,41.765899,CONSERVATION
FAILED,PL164037,OPEN,PERIODIC,small,-87.708156,41.929399,CONSERVATION
PASSED,BR2080,COMPLIED,PERIODIC,small,-87.717963,41.903785,BOILER
FAILED,CN133016,OPEN,COMPLAINT,small,-87.633665,41.814522,CONSERVATION
FAILED,CN198019,OPEN,COMPLAINT,small,-87.593761,41.799598,CONSERVATION
FAILED,NC2011,OPEN,COMPLAINT,small,-87.677361,41.935831,CONSERVATION
FAILED,EV1110,OPEN,PERMIT,small,-87.639806,41.88583,ELEVATOR
FAILED,CN079024,OPEN,COMPLAINT,small,-87.619894,41.763701,CONSERVATION
FAILED,CN079014,OPEN,COMPLAINT,small,-87.603741,41.748417,CONSERVATION
FAILED,CN065024,OPEN,COMPLAINT,small,-87.754962,41.874053,CONSERVATION
FAILED,CN079014,OPEN,COMPLAINT,small,-87.777675,41.973138,CONSERVATION
FAILED,NC2021,OPEN,COMPLAINT,small,-87.744143,41.995248,CONSERVATION
PASSED,CN194019,COMPLIED,PERIODIC,small,-87.629646,41.885796,VENTILATION
FAILED,PL151057,OPEN,COMPLAINT,small,-87.571204,41.748516,CONSERVATION
PASSED,EL0085,COMPLIED,PERMIT,small,-87.67131,41.992759,ELECTRICAL
FAILED,CN076044,OPEN,COMPLAINT,small,-87.702316,41.797959,CONSERVATION
FAILED,PL239010,OPEN,COMPLAINT,small,-87.709784,41.98317,SPECIAL TASK FORCE
FAILED,CN010022,OPEN,COMPLAINT,small,-87.663608,41.857559,CONSERVATION
FAILED,CN061014,OPEN,COMPLAINT,small,-87.544537,41.734245,CONSERVATION
FAILED,CN065014,OPEN,COMPLAINT,small,-87.749664,41.89055,CONSERVATION
FAILED,CN197079,OPEN,COMPLAINT,small,-87.65077,41.781898,CONSERVATION
FAILED,CN107015,COMPLIED,PERIODIC,small,-87.661155,41.964745,CONSERVATION
FAILED,RF301031,OPEN,PERIODIC,small,-87.615623,41.774073,REFRIGERATION
FAILED,CN070024,OPEN,COMPLAINT,small,-87.665129,41.750222,SPECIAL TASK FORCE
FAILED,PL171017,OPEN,COMPLAINT,small,-87.640565,41.773866,SPECIAL TASK FORCE
FAILED,CN103015,OPEN,COMPLAINT,small,-87.622056,41.837694,CONSERVATION
FAILED,CN107035,OPEN,PERIODIC,small,-87.650799,41.918463,CONSERVATION
FAILED,CN074014,OPEN,COMPLAINT,small,-87.715047,41.964634,CONSERVATION
FAILED,CN061014,OPEN,COMPLAINT,small,-87.622771,41.801029,CONSERVATION
FAILED,CN197087,OPEN,COMPLAINT,small,-87.605311,41.745686,SPECIAL TASK FORCE
FAILED,CN136026,OPEN,COMPLAINT,small,-87.715067,41.889448,CONSERVATION
FAILED,CN194029,OPEN,PERIODIC,small,-87.646027,41.941737,CONSERVATION
FAILED,CN135016,OPEN,COMPLAINT,small,-87.733726,41.899699,CONSERVATION
FAILED,CN061014,OPEN,COMPLAINT,small,-87.75377,41.944324,CONSERVATION
FAILED,NC2011,OPEN,COMPLAINT,small,-87.760851,41.940582,CONSERVATION
FAILED,CN076014,OPEN,COMPLAINT,small,-87.678028,41.835346,CONSERVATION
FAILED,CN104025,OPEN,PERIODIC,small,-87.670443,41.982444,CONSERVATION
FAILED,CN062034,OPEN,COMPLAINT,small,-87.577254,41.760794,CONSERVATION
PASSED,EV1110,OPEN,PERMIT,small,-87.626083,41.882738,ELEVATOR
FAILED,PL237052,OPEN,COMPLAINT,small,-87.610039,41.755448,SPECIAL TASK FORCE
FAILED,CN190019,OPEN,COMPLAINT,small,-87.781086,41.934407,CONSERVATION
PASSED,EV1310,COMPLIED,PERMIT,small,-87.619109,41.852738,ELEVATOR
FAILED,CN107035,OPEN,COMPLAINT,small,-87.625936,41.690629,CONSERVATION
FAILED,CN197049,OPEN,COMPLAINT,small,-87.708449,41.931028,CONSERVATION
FAILED,CN070014,OPEN,COMPLAINT,small,-87.705337,41.995795,CONSERVATION
FAILED,CN061074,OPEN,COMPLAINT,small,-87.644918,41.759624,CONSERVATION
FAILED,CN070024,OPEN,COMPLAINT,small,-87.646048,41.775831,CONSERVATION
FAILED,NC10032,OPEN,PERIODIC,small,-87.631827,41.850944,SPECIAL INSPECTION PROGRAM
FAILED,EV1110,OPEN,PERIODIC,small,-87.688415,41.859446,ELEVATOR
FAILED,CN074024,OPEN,COMPLAINT,small,-87.724601,41.840713,CONSERVATION
FAILED,CN073054,OPEN,COMPLAINT,small,-87.619764,41.697721,CONSERVATION
FAILED,CN070014,OPEN,COMPLAINT,small,-87.726264,41.912363,CONSERVATION
FAILED,EL0019,OPEN,COMPLAINT,small,-87.692157,41.816747,CONSERVATION
FAILED,EL0085,OPEN,PERMIT,small,-87.649888,41.829553,ELECTRICAL
FAILED,CN197087,OPEN,COMPLAINT,small,-87.629899,41.76472,CONSERVATION
FAILED,CN190019,OPEN,COMPLAINT,small,-87.694987,42.000512,CONSERVATION
FAILED,PL171017,OPEN,COMPLAINT,small,-87.729215,41.877824,SPECIAL TASK FORCE
FAILED,CN061014,OPEN,PERIODIC,small,-87.696552,41.885446,SPECIAL INSPECTION PROGRAM
FAILED,CN061014,OPEN,COMPLAINT,small,-87.696878,41.778237,CONSERVATION
FAILED,EV1110,OPEN,PERIODIC,small,-87.591532,41.791609,ELEVATOR
FAILED,CN198019,OPEN,PERIODIC,small,-87.663766,42.011708,CONSERVATION
FAILED,CN134036,OPEN,COMPLAINT,small,-87.788758,41.774938,CONSERVATION
FAILED,CN138056,OPEN,PERIODIC,small,-87.616455,41.750982,CONSERVATION
FAILED,EV1111,OPEN,PERIODIC,small,-87.677277,41.7209,ELEVATOR
FAILED,CN194029,OPEN,PERIODIC,small,-87.644228,41.93931,CONSERVATION
PASSED,EV1110,COMPLIED,PERMIT,small,-87.672405,41.906133,ELEVATOR
FAILED,CN101015,OPEN,PERIODIC,small,-87.562879,41.758885,CONSERVATION
PASSED,EV1111,COMPLIED,PERIODIC,small,-87.716264,41.98125,ELEVATOR
FAILED,CN077014,OPEN,COMPLAINT,small,-87.707148,41.960477,CONSERVATION
FAILED,CN063024,OPEN,COMPLAINT,small,-87.600815,41.764894,CONSERVATION
PASSED,CN061014,COMPLIED,COMPLAINT,small,-87.665753,42.001158,CONSERVATION
FAILED,CN197019,OPEN,COMPLAINT,small,-87.660447,41.769428,CONSERVATION
FAILED,CN104015,OPEN,COMPLAINT,small,-87.685182,41.785714,CONSERVATION
FAILED,199029,OPEN,COMPLAINT,small,-87.772924,41.779467,VENTILATION
FAILED,CN138056,OPEN,COMPLAINT,small,-87.592569,41.724453,CONSERVATION
FAILED,PL194029,OPEN,COMPLAINT,small,-87.684075,41.789888,SPECIAL TASK FORCE
FAILED,CN061014,OPEN,COMPLAINT,small,-87.674988,41.961401,CONSERVATION
FAILED,NC2011,OPEN,COMPLAINT,small,-87.641814,41.801333,SPECIAL TASK FORCE
FAILED,CN190019,OPEN,COMPLAINT,small,-87.730973,41.962865,CONSERVATION
FAILED,CN196029,OPEN,PERIODIC,small,-87.644274,41.947131,CONSERVATION
FAILED,CN065014,OPEN,COMPLAINT,small,-87.645867,41.768388,CONSERVATION
FAILED,CN062034,OPEN,COMPLAINT,small,-87.656003,41.738993,CONSERVATION
FAILED,CN190019,OPEN,COMPLAINT,small,-87.647798,41.760966,CONSERVATION
FAILED,CN066034,OPEN,COMPLAINT,small,-87.722962,41.957236,CONSERVATION
FAILED,PL169017,OPEN,COMPLAINT,small,-87.651576,41.70985,CONSERVATION
FAILED,EL0003,OPEN,COMPLAINT,small,-87.710507,41.859856,ELECTRICAL
FAILED,EV1111,OPEN,PERMIT,small,-87.636045,41.854049,ELEVATOR
FAILED,EV1110,OPEN,PERIODIC,small,-87.65658,41.977031,ELEVATOR
FAILED,CN063014,OPEN,COMPLAINT,small,-87.711961,41.77326,CONSERVATION
FAILED,NC2011,OPEN,COMPLAINT,small,-87.71215,41.704744,NEW CONSTRUCTION
FAILED,CN065034,OPEN,COMPLAINT,small,-87.705231,41.946853,CONSERVATION
FAILED,EV1110,OPEN,COMPLAINT,small,-87.659631,41.86167,ELEVATOR
PASSED,BR1001,COMPLIED,PERIODIC,small,-87.829332,41.947992,BOILER
FAILED,CN070014,OPEN,COMPLAINT,small,-87.652695,41.751395,CONSERVATION
FAILED,CN105035,OPEN,PERIODIC,small,-87.606586,41.81789,SPECIAL INSPECTION PROGRAM
FAILED,CN138106,OPEN,PERIODIC,small,-87.712604,41.84814,CONSERVATION
FAILED,CN066034,OPEN,COMPLAINT,small,-87.584603,41.765148,CONSERVATION
FAILED,CN101015,OPEN,COMPLAINT,small,-87.628322,41.713678,CONSERVATION
FAILED,CN104015,OPEN,COMPLAINT,small,-87.786857,41.911588,CONSERVATION
FAILED,CN065014,OPEN,PERIODIC,small,-87.640999,41.827278,CONSERVATION
FAILED,CN190019,OPEN,COMPLAINT,small,-87.626811,41.702458,CONSERVATION
PASSED,CN196039,COMPLIED,COMPLAINT,small,-87.625372,41.853771,CONSERVATION
FAILED,CN074024,OPEN,COMPLAINT,small,-87.6873,41.817172,CONSERVATION
PASSED,VT1010,COMPLIED,PERMIT,small,-87.627036,41.887939,VENTILATION
FAILED,CN196029,OPEN,PERIODIC,small,-87.657296,41.745092,CONSERVATION
FAILED,CN197019,OPEN,COMPLAINT,small,-87.575073,41.760054,CONSERVATION
FAILED,CN196029,OPEN,COMPLAINT,small,-87.603608,41.803057,CONSERVATION
PASSED,PL151137,OPEN,PERMIT,small,-87.643323,41.765592,PLUMBING
FAILED,CN079024,OPEN,COMPLAINT,small,-87.699346,41.896924,CONSERVATION
FAILED,CN065034,OPEN,PERIODIC,small,-87.663195,41.735112,CONSERVATION
FAILED,CN070034,OPEN,COMPLAINT,small,-87.748078,41.894085,CONSERVATION
FAILED,CN106015,OPEN,COMPLAINT,small,-87.644947,41.742969,SPECIAL TASK FORCE
FAILED,CN014012,OPEN,COMPLAINT,small,-87.72579,41.938171,CONSERVATION
FAILED,CN197039,OPEN,COMPLAINT,small,-87.709257,41.932121,CONSERVATION
FAILED,EV1111,OPEN,PERIODIC,small,-87.768302,41.881103,ELEVATOR
FAILED,EV1110,OPEN,PERMIT,small,-87.628598,41.905869,ELEVATOR
FAILED,CN077014,OPEN,COMPLAINT,small,-87.741541,41.916874,CONSERVATION
FAILED,CN074014,OPEN,PERIODIC,small,-87.646919,41.923552,CONSERVATION
FAILED,CN070014,OPEN,COMPLAINT,small,-87.691733,41.846607,CONSERVATION
FAILED,CN070014,OPEN,COMPLAINT,small,-87.747421,41.904046,SPECIAL TASK FORCE
FAILED,CN062034,OPEN,PERIODIC,small,-87.56559,41.704317,CONSERVATION
FAILED,CN061014,OPEN,COMPLAINT,small,-87.619186,41.724066,CONSERVATION
FAILED,EV1310,OPEN,COMPLAINT,small,-87.624241,41.89795,ELEVATOR
FAILED,CN110025,OPEN,COMPLAINT,small,-87.736108,41.914596,CONSERVATION
FAILED,PL169017,OPEN,COMPLAINT,small,-87.635777,41.679157,CONSERVATION
FAILED,EV1110,COMPLIED,PERMIT,small,-87.629106,41.87647,ELEVATOR
FAILED,PL234018,OPEN,COMPLAINT,small,-87.597098,41.761436,SPECIAL TASK FORCE
FAILED,CN073024,OPEN,COMPLAINT,small,-87.652411,41.834183,CONSERVATION
FAILED,CN061014,OPEN,COMPLAINT,small,-87.748244,41.945142,CONSERVATION
FAILED,CN063014,OPEN,COMPLAINT,small,-87.763339,41.882156,CONSERVATION
FAILED,CN196029,OPEN,COMPLAINT,small,-87.712343,41.98226,CONSERVATION
PASSED,PL151137,COMPLIED,PERMIT,small,-87.623937,41.852341,PLUMBING
FAILED,CN197019,OPEN,COMPLAINT,small,-87.759808,41.918501,CONSERVATION
FAILED,CN198019,OPEN,PERIODIC,small,-87.668035,42.017351,CONSERVATION
FAILED,CN197049,OPEN,COMPLAINT,small,-87.641738,41.930453,CONSERVATION
FAILED,CN079014,OPEN,COMPLAINT,small,-87.694111,41.799649,CONSERVATION
FAILED,CN076044,OPEN,COMPLAINT,small,-87.647876,41.764043,SPECIAL TASK FORCE
FAILED,CN079014,OPEN,COMPLAINT,small,-87.691826,41.903801,CONSERVATION
FAILED,CN077014,OPEN,COMPLAINT,small,-87.662746,41.775944,SPECIAL TASK FORCE
FAILED,CN196029,OPEN,COMPLAINT,small,-87.75005,41.920799,CONSERVATION
FAILED,CN015012,COMPLIED,COMPLAINT,small,-87.732835,41.878674,CONSERVATION
FAILED,CN070024,OPEN,COMPLAINT,small,-87.614207,41.76599,CONSERVATION
FAILED,CN198019,OPEN,PERIODIC,small,-87.749534,41.902426,CONSERVATION
FAILED,EL0091,OPEN,COMPLAINT,small,-87.65278,41.754528,ELECTRICAL
FAILED,NC2071,OPEN,COMPLAINT,small,-87.716655,41.872746,SPECIAL TASK FORCE
FAILED,CN105045,OPEN,COMPLAINT,small,-87.714185,41.900404,CONSERVATION
FAILED,CN061014,OPEN,PERIODIC,small,-87.640491,41.816381,CONSERVATION
FAILED,CN079014,OPEN,COMPLAINT,small,-87.555275,41.740371,CONSERVATION
FAILED,NC2011,OPEN,COMPLAINT,small,-87.70295,41.80964,CONSERVATION
FAILED,EV1110,COMPLIED,PERIODIC,small,-87.639665,41.939222,ELEVATOR
FAILED,CN070014,OPEN,COMPLAINT,small,-87.598096,41.764708,CONSERVATION
FAILED,EV1110,OPEN,PERIODIC,small,-87.679427,41.992986,ELEVATOR
FAILED,EV1110,OPEN,PERMIT,small,-87.640565,41.932996,ELEVATOR
FAILED,PL151137,OPEN,PERMIT,large,-87.772955,41.907046,PLUMBING
FAILED,CN138056,OPEN,COMPLAINT,small,-87.628686,41.727908,CONSERVATION
FAILED,CN061014,OPEN,COMPLAINT,small,-87.676638,41.766481,CONSERVATION
FAILED,CN190019,OPEN,COMPLAINT,small,-87.723584,41.928076,CONSERVATION
FAILED,CN062024,OPEN,COMPLAINT,small,-87.642268,41.917057,CONSERVATION
FAILED,CN078014,OPEN,COMPLAINT,small,-87.67212,41.997415,CONSERVATION
FAILED,CN103015,OPEN,COMPLAINT,small,-87.554978,41.750176,CONSERVATION
FAILED,CN075014,OPEN,COMPLAINT,small,-87.646324,41.721313,CONSERVATION
PASSED,BR1001,COMPLIED,PERIODIC,small,-87.731775,41.86049,BOILER
FAILED,CN070024,OPEN,COMPLAINT,small,-87.648664,41.737335,SPECIAL TASK FORCE
FAILED,CN073014,OPEN,COMPLAINT,small,-87.614093,41.761024,CONSERVATION
FAILED,PL154027,OPEN,PERIODIC,small,-87.653588,41.750408,CONSERVATION
FAILED,CN198019,OPEN,COMPLAINT,small,-87.65003,41.753313,CONSERVATION
FAILED,RF301011,OPEN,PERMIT,small,-87.640775,41.859128,REFRIGERATION
FAILED,CN190019,OPEN,COMPLAINT,small,-87.654558,41.766757,CONSERVATION
FAILED,NC2022,OPEN,COMPLAINT,small,-87.683426,41.96219,NEW CONSTRUCTION
FAILED,CN070014,OPEN,COMPLAINT,small,-87.6676,41.687307,CONSERVATION
FAILED,CN196019,OPEN,PERIODIC,small,-87.650266,41.801626,CONSERVATION
FAILED,VT1010,OPEN,PERMIT,small,-87.667756,41.828294,VENTILATION
FAILED,PL154017,OPEN,COMPLAINT,small,-87.5646,41.703756,PLUMBING
FAILED,VT8030,OPEN,PERMIT,small,-87.609481,41.782487,VENTILATION
FAILED,CN190019,OPEN,PERIODIC,small,-87.70708,41.916215,CONSERVATION
FAILED,PL194039,OPEN,COMPLAINT,small,-87.651121,41.78429,SPECIAL TASK FORCE
FAILED,CN070014,OPEN,COMPLAINT,small,-87.66931,41.829913,CONSERVATION
FAILED,EL0018,OPEN,COMPLAINT,small,-87.636141,41.76769,ELECTRICAL
PASSED,EL0084,COMPLIED,PERMIT,small,-87.684516,41.895673,ELECTRICAL
FAILED,CN062034,OPEN,COMPLAINT,small,-87.729228,41.876021,CONSERVATION
FAILED,CN061014,OPEN,COMPLAINT,small,-87.720465,41.922935,CONSERVATION
FAILED,CN076034,OPEN,COMPLAINT,small,-87.651132,41.73867,CONSERVATION
FAILED,CN196029,OPEN,COMPLAINT,small,-87.73917,41.933662,CONSERVATION
FAILED,CN106015,OPEN,PERIODIC,small,-87.651183,41.833619,SPECIAL INSPECTION PROGRAM
FAILED,CN190019,OPEN,COMPLAINT,small,-87.600145,41.749661,CONSERVATION
FAILED,CN190019,OPEN,COMPLAINT,small,-87.686889,41.769072,PLUMBING
FAILED,CN197087,OPEN,COMPLAINT,small,-87.616097,41.673669,CONSERVATION
FAILED,CN193110,OPEN,PERIODIC,small,-87.58246,41.761492,CONSERVATION
FAILED,CN076034,OPEN,PERIODIC,small,-87.726469,41.919041,CONSERVATION
FAILED,CN065034,OPEN,PERIODIC,small,-87.580257,41.764182,CONSERVATION
FAILED,CN190019,OPEN,COMPLAINT,small,-87.707026,41.78357,CONSERVATION
FAILED,CN041063,OPEN,COMPLAINT,small,-87.548817,41.736869,CONSERVATION
FAILED,CN136016,OPEN,COMPLAINT,small,-87.714136,41.919036,CONSERVATION
FAILED,PL194029,OPEN,COMPLAINT,small,-87.743816,41.898844,SPECIAL TASK FORCE
FAILED,CN041063,OPEN,COMPLAINT,small,-87.722784,41.918609,CONSERVATION
FAILED,CN073014,OPEN,COMPLAINT,small,-87.622906,41.790957,CONSERVATION
FAILED,CN197019,OPEN,COMPLAINT,small,-87.594131,41.751606,CONSERVATION
FAILED,CN190019,OPEN,COMPLAINT,small,-87.761361,41.937623,CONSERVATION
FAILED,CN065034,OPEN,COMPLAINT,small,-87.659261,41.724816,CONSERVATION
FAILED,EL0096,OPEN,COMPLAINT,small,-87.654643,41.965584,SIGNS
FAILED,VT1010,OPEN,PERMIT,small,-87.727649,41.959854,VENTILATION
FAILED,CN103035,OPEN,COMPLAINT,small,-87.732743,41.875978,CONSERVATION
PASSED,VT1010,OPEN,PERMIT,small,-87.699568,41.872952,VENTILATION
FAILED,EL0085,OPEN,COMPLAINT,small,-87.675121,41.773727,SPECIAL TASK FORCE
FAILED,CN015062,OPEN,COMPLAINT,small,-87.665254,42.003368,CONSERVATION
FAILED,CN104015,OPEN,COMPLAINT,small,-87.547153,41.733457,CONSERVATION
FAILED,CN041063,OPEN,COMPLAINT,small,-87.673506,41.992757,CONSERVATION
FAILED,CN070014,OPEN,COMPLAINT,small,-87.660158,41.794209,CONSERVATION
FAILED,NC2011,OPEN,COMPLAINT,small,-87.709119,41.894698,CONSERVATION
FAILED,CN132046,COMPLIED,COMPLAINT,small,-87.68351,41.800657,CONSERVATION
FAILED,CN197039,OPEN,COMPLAINT,small,-87.734061,41.841512,CONSERVATION
FAILED,RF301031,OPEN,PERIODIC,small,-87.766666,41.778061,REFRIGERATION
FAILED,CN104015,OPEN,COMPLAINT,small,-87.757098,41.925845,CONSERVATION
FAILED,NC2011,OPEN,COMPLAINT,small,-87.597679,41.802247,SPECIAL TASK FORCE
FAILED,CN070024,OPEN,COMPLAINT,small,-87.668804,42.013975,CONSERVATION
FAILED,CN190019,OPEN,COMPLAINT,small,-87.62828,41.70168,CONSERVATION
FAILED,EL0002,OPEN,COMPLAINT,small,-87.77488,41.914356,ELECTRICAL
FAILED,NC2021,OPEN,COMPLAINT,small,-87.670792,41.804508,CONSERVATION
FAILED,CN061014,OPEN,COMPLAINT,small,-87.731173,41.960082,CONSERVATION
FAILED,CN138086,OPEN,COMPLAINT,small,-87.641048,41.843466,CONSERVATION
FAILED,CN062024,OPEN,COMPLAINT,small,-87.725205,41.844356,SPECIAL INSPECTION PROGRAM
FAILED,CN104035,OPEN,COMPLAINT,small,-87.551514,41.734557,CONSERVATION
FAILED,NC2011,OPEN,COMPLAINT,small,-87.597098,41.761436,SPECIAL TASK FORCE
FAILED,EL0096,OPEN,COMPLAINT,small,-87.708736,41.961293,SIGNS
FAILED,EV1110,OPEN,PERIODIC,small,-87.667042,41.884514,ELEVATOR
FAILED,CN196029,OPEN,COMPLAINT,small,-87.57213,41.748843,CONSERVATION
FAILED,CN138106,OPEN,COMPLAINT,small,-87.714872,41.912946,SPECIAL TASK FORCE
PASSED,PL151137,OPEN,PERMIT,small,-87.673152,41.791113,PLUMBING
FAILED,RF301041,OPEN,PERIODIC,small,-87.648326,41.781473,REFRIGERATION
PASSED,EV1110,COMPLIED,PERMIT,small,-87.626998,41.855389,ELEVATOR
FAILED,CN190019,OPEN,COMPLAINT,small,-87.752813,41.808551,CONSERVATION
FAILED,CN196029,OPEN,COMPLAINT,small,-87.539055,41.708474,CONSERVATION
FAILED,CN198019,OPEN,PERIODIC,small,-87.603662,41.805384,CONSERVATION
FAILED,EV1110,OPEN,PERMIT,small,-87.651456,41.830788,ELEVATOR
FAILED,EV0061,OPEN,PERIODIC,small,-87.66458,41.921502,ELEVATOR
FAILED,CN101015,OPEN,COMPLAINT,small,-87.661149,41.964348,CONSERVATION
FAILED,CN104015,OPEN,COMPLAINT,small,-87.538684,41.721192,CONSERVATION
FAILED,CN015062,OPEN,COMPLAINT,small,-87.638536,41.91404,CONSERVATION
FAILED,EL0096,OPEN,COMPLAINT,small,-87.761921,41.924141,SIGNS
FAILED,CN135016,OPEN,COMPLAINT,small,-87.719487,41.869555,CONSERVATION
PASSED,EV1110,COMPLIED,PERMIT,small,-87.632062,41.878026,ELEVATOR
FAILED,CN101015,OPEN,COMPLAINT,small,-87.545864,41.732411,CONSERVATION
FAILED,CN015062,OPEN,COMPLAINT,small,-87.700667,41.928329,CONSERVATION
FAILED,CN134026,OPEN,COMPLAINT,small,-87.720074,41.893913,CONSERVATION
FAILED,VT1010,OPEN,PERMIT,small,-87.674316,41.954104,VENTILATION
FAILED,CN105035,OPEN,COMPLAINT,small,-87.583516,41.765539,CONSERVATION
FAILED,CN104035,OPEN,COMPLAINT,small,-87.56271,41.750011,CONSERVATION
PASSED,CN134016,COMPLIED,COMPLAINT,small,-87.664521,41.75111,CONSERVATION
FAILED,CN074014,OPEN,COMPLAINT,small,-87.711598,41.895963,CONSERVATION
FAILED,CN074024,OPEN,COMPLAINT,small,-87.671996,41.978761,CONSERVATION
FAILED,EL0091,OPEN,COMPLAINT,small,-87.65831,41.711726,ELECTRICAL
FAILED,EV1110,COMPLIED,PERMIT,small,-87.624361,41.893372,ELEVATOR
FAILED,CN063014,OPEN,COMPLAINT,small,-87.756674,41.886895,CONSERVATION
FAILED,CN197019,OPEN,COMPLAINT,small,-87.657111,41.792386,CONSERVATION
FAILED,CN105085,OPEN,COMPLAINT,small,-87.564054,41.757,CONSERVATION
FAILED,EL0085,COMPLIED,COMPLAINT,small,-87.74506,41.878572,SPECIAL TASK FORCE
FAILED,CN039013,OPEN,PERIODIC,small,-87.712075,41.6915,SPECIAL INSPECTION PROGRAM
FAILED,PL236020,OPEN,COMPLAINT,small,-87.610702,41.770919,PLUMBING
FAILED,CN031023,OPEN,COMPLAINT,small,-87.704831,41.851881,CONSERVATION
FAILED,CN075014,OPEN,COMPLAINT,small,-87.763277,41.877351,CONSERVATION
PASSED,CN073014,COMPLIED,COMPLAINT,small,-87.727869,41.86917,CONSERVATION
FAILED,CN196029,OPEN,COMPLAINT,small,-87.775723,41.953725,CONSERVATION
FAILED,EL0097,OPEN,COMPLAINT,small,-87.656418,41.947317,SIGNS
FAILED,CN138106,OPEN,COMPLAINT,small,-87.71293,41.885353,CONSERVATION
FAILED,CN076044,OPEN,COMPLAINT,small,-87.723523,41.896561,CONSERVATION
FAILED,CN132046,OPEN,COMPLAINT,small,-87.652873,41.769483,CONSERVATION
FAILED,CN079014,OPEN,COMPLAINT,small,-87.752119,41.953964,CONSERVATION
FAILED,CN190019,OPEN,COMPLAINT,small,-87.732618,41.899022,CONSERVATION
FAILED,RF301051,OPEN,PERMIT,small,-87.743295,41.807417,REFRIGERATION
FAILED,CN061014,OPEN,COMPLAINT,small,-87.746976,41.947315,CONSERVATION
FAILED,CN077024,OPEN,COMPLAINT,small,-87.716393,41.893119,CONSERVATION
FAILED,CN063014,OPEN,PERIODIC,small,-87.651002,41.918252,CONSERVATION
FAILED,CN190019,OPEN,COMPLAINT,small,-87.646947,41.775026,CONSERVATION
FAILED,CN196029,OPEN,PERIODIC,small,-87.625488,41.846199,CONSERVATION
FAILED,CN198019,OPEN,COMPLAINT,small,-87.663291,42.009055,CONSERVATION
FAILED,EV1111,COMPLIED,PERIODIC,small,-87.657777,41.980382,ELEVATOR
FAILED,CN012022,OPEN,PERIODIC,small,-87.663108,41.935852,CONSERVATION
FAILED,RF301031,OPEN,PERIODIC,small,-87.65501,41.793728,REFRIGERATION
FAILED,CN104015,COMPLIED,COMPLAINT,small,-87.756089,41.925856,CONSERVATION
FAILED,CN101015,OPEN,COMPLAINT,small,-87.649814,41.791989,CONSERVATION
FAILED,EV1110,OPEN,PERMIT,small,-87.65268,41.896198,ELEVATOR
FAILED,CN077014,OPEN,COMPLAINT,small,-87.640922,41.766417,CONSERVATION
FAILED,CN107015,OPEN,PERIODIC,small,-87.663521,41.779595,CONSERVATION
FAILED,CN070024,OPEN,COMPLAINT,small,-87.757313,41.942454,CONSERVATION
FAILED,EL0029,OPEN,COMPLAINT,small,-87.610589,41.777404,ELECTRICAL
FAILED,CN070024,OPEN,COMPLAINT,small,-87.693209,41.7777,CONSERVATION
FAILED,CN077014,OPEN,COMPLAINT,small,-87.702351,42.01916,CONSERVATION
FAILED,CN070034,OPEN,COMPLAINT,small,-87.662616,41.898581,SPECIAL INSPECTION PROGRAM
FAILED,CN197019,OPEN,COMPLAINT,small,-87.642779,41.773117,SPECIAL TASK FORCE
FAILED,CN061014,OPEN,COMPLAINT,small,-87.684649,41.790312,CONSERVATION
FAILED,CN062024,OPEN,COMPLAINT,small,-87.545773,41.652567,CONSERVATION
FAILED,EL0016,OPEN,COMPLAINT,small,-87.628827,41.904093,SPECIAL TASK FORCE
FAILED,EV1110,OPEN,PERIODIC,small,-87.651456,41.830788,ELEVATOR
FAILED,CN070024,OPEN,COMPLAINT,small,-87.654129,41.760209,CONSERVATION
FAILED,EV1110,OPEN,PERMIT,small,-87.633356,41.885841,ELEVATOR
FAILED,CN070024,OPEN,COMPLAINT,small,-87.760681,41.87647,CONSERVATION
FAILED,CN073014,OPEN,COMPLAINT,small,-87.63298,41.756652,CONSERVATION
FAILED,CN062034,OPEN,COMPLAINT,small,-87.68948,41.774832,CONSERVATION
FAILED,CN061014,OPEN,COMPLAINT,small,-87.688644,41.810303,CONSERVATION
FAILED,CN073014,OPEN,COMPLAINT,small,-87.703999,41.862419,CONSERVATION
FAILED,CN074024,OPEN,COMPLAINT,small,-87.663245,41.794822,CONSERVATION
FAILED,CN133016,OPEN,PERIODIC,small,-87.686793,41.997674,CONSERVATION
FAILED,CN190019,OPEN,COMPLAINT,small,-87.712257,41.936519,CONSERVATION
FAILED,NC2022,OPEN,COMPLAINT,small,-87.674842,41.762884,NEW CONSTRUCTION
FAILED,NC2011,OPEN,COMPLAINT,small,-87.720295,41.861155,CONSERVATION
FAILED,CN107035,OPEN,PERIODIC,small,-87.724448,41.96839,CONSERVATION
FAILED,CN190019,OPEN,COMPLAINT,small,-87.712709,41.82327,CONSERVATION
FAILED,CN131016,OPEN,COMPLAINT,small,-87.686108,41.774867,CONSERVATION
FAILED,CN104025,OPEN,COMPLAINT,small,-87.626811,41.702458,CONSERVATION
FAILED,NC2010,OPEN,COMPLAINT,small,-87.557379,41.738469,CONSERVATION
FAILED,CN198019,OPEN,PERIODIC,small,-87.660233,41.793617,CONSERVATION
FAILED,VT1010,OPEN,PERMIT,small,-87.72532,41.905427,VENTILATION
FAILED,CN062024,OPEN,COMPLAINT,small,-87.612495,41.700003,CONSERVATION
FAILED,NC2071,OPEN,COMPLAINT,small,-87.712895,41.858226,SPECIAL TASK FORCE
FAILED,CN197079,OPEN,PERIODIC,small,-87.683898,41.884099,CONSERVATION
FAILED,NC6042,OPEN,COMPLAINT,small,-87.720907,41.880968,CONSERVATION
FAILED,CN103015,COMPLIED,COMPLAINT,small,-87.555101,41.747871,CONSERVATION
FAILED,NC2021,OPEN,COMPLAINT,small,-87.761604,41.886258,CONSERVATION
FAILED,EL0085,OPEN,COMPLAINT,small,-87.697631,41.969058,SPECIAL TASK FORCE
FAILED,CN063014,OPEN,COMPLAINT,small,-87.660231,41.80784,SPECIAL TASK FORCE
FAILED,CN196029,OPEN,COMPLAINT,small,-87.707613,41.871053,CONSERVATION
FAILED,CN190019,OPEN,COMPLAINT,small,-87.698562,41.820798,CONSERVATION
FAILED,CN015012,OPEN,PERIODIC,small,-87.705572,41.912264,CONSERVATION
FAILED,CN190019,OPEN,COMPLAINT,small,-87.646215,41.796806,CONSERVATION
FAILED,CN063014,OPEN,PERIODIC,small,-87.749012,41.953289,CONSERVATION
FAILED,CN133016,OPEN,COMPLAINT,small,-87.602832,41.70345,CONSERVATION
FAILED,NC2022,OPEN,COMPLAINT,small,-87.685347,41.7906,NEW CONSTRUCTION
FAILED,CN190019,OPEN,COMPLAINT,small,-87.747632,41.874146,CONSERVATION
FAILED,EV1110,COMPLIED,PERIODIC,small,-87.748374,41.989788,ELEVATOR
FAILED,EV1110,OPEN,PERMIT,small,-87.627829,41.894991,ELEVATOR
FAILED,CN065034,OPEN,COMPLAINT,small,-87.768203,41.901447,CONSERVATION
FAILED,CN190019,OPEN,PERIODIC,small,-87.644274,41.947131,CONSERVATION
FAILED,EL0029,OPEN,COMPLAINT,small,-87.621413,41.712771,CONSERVATION
PASSED,EV1110,COMPLIED,PERIODIC,small,-87.649637,41.947402,ELEVATOR
PASSED,EL0084,COMPLIED,PERMIT,small,-87.720186,41.946579,ELECTRICAL
FAILED,VT1010,OPEN,PERMIT,small,-87.734411,41.970535,VENTILATION
FAILED,CN067014,OPEN,COMPLAINT,small,-87.638411,41.682846,CONSERVATION
FAILED,CN132046,OPEN,COMPLAINT,small,-87.614852,41.697011,CONSERVATION
FAILED,CN062024,OPEN,COMPLAINT,small,-87.66931,41.829913,CONSERVATION
FAILED,CN190019,OPEN,COMPLAINT,small,-87.675101,41.799046,CONSERVATION
FAILED,NC2071,OPEN,COMPLAINT,small,-87.560358,41.744428,SPECIAL TASK FORCE
FAILED,IR0002,OPEN,COMPLAINT,small,-87.525607,41.701414,CONSERVATION
FAILED,NC2011,OPEN,COMPLAINT,small,-87.769446,41.94961,NEW CONSTRUCTION
FAILED,CN133016,OPEN,COMPLAINT,small,-87.721099,41.886987,CONSERVATION
FAILED,PL154027,OPEN,COMPLAINT,small,-87.698927,41.940346,CONSERVATION
PASSED,EV1111,COMPLIED,PERMIT,small,-87.62909,41.884593,ELEVATOR
FAILED,CN197019,OPEN,COMPLAINT,small,-87.695295,41.982117,CONSERVATION
FAILED,CN078014,OPEN,COMPLAINT,small,-87.583415,41.761896,CONSERVATION
FAILED,CN196029,OPEN,COMPLAINT,small,-87.730873,41.876912,CONSERVATION
FAILED,CN062034,OPEN,COMPLAINT,small,-87.600275,41.742453,CONSERVATION
FAILED,CN190019,OPEN,PERIODIC,small,-87.657296,41.745092,CONSERVATION
FAILED,CN101015,OPEN,COMPLAINT,small,-87.640646,41.710389,CONSERVATION
FAILED,CN031023,OPEN,PERIODIC,small,-87.604519,41.809467,CONSERVATION
FAILED,NC2011,OPEN,COMPLAINT,small,-87.75377,41.944324,NEW CONSTRUCTION
FAILED,CN190019,OPEN,COMPLAINT,small,-87.606228,41.748554,CONSERVATION
FAILED,CN063014,OPEN,COMPLAINT,small,-87.662313,41.748119,CONSERVATION
PASSED,BR2080,COMPLIED,PERIODIC,small,-87.590152,41.784096,BOILER
PASSED,PL151137,OPEN,PERMIT,small,-87.660998,41.851808,PLUMBING
FAILED,CN131016,OPEN,COMPLAINT,small,-87.664674,41.857026,CONSERVATION
FAILED,ELGB01,OPEN,PERMIT,small,-87.754186,41.879279,ELECTRICAL
FAILED,CN077014,OPEN,COMPLAINT,small,-87.721823,41.924653,CONSERVATION
FAILED,CN063014,OPEN,COMPLAINT,small,-87.663558,41.938054,CONSERVATION
FAILED,EV1111,OPEN,PERIODIC,small,-87.656953,41.989793,ELEVATOR
FAILED,CN073014,OPEN,COMPLAINT,small,-87.715851,41.953924,CONSERVATION
FAILED,CN073024,OPEN,COMPLAINT,small,-87.63157,41.852749,CONSERVATION
FAILED,EV1111,OPEN,PERIODIC,small,-87.656953,41.989793,ELEVATOR
FAILED,CN063014,OPEN,COMPLAINT,small,-87.753241,41.893128,CONSERVATION
PASSED,CN063014,COMPLIED,COMPLAINT,small,-87.659523,41.745436,CONSERVATION
FAILED,CN190019,OPEN,COMPLAINT,small,-87.782172,41.949237,CONSERVATION
FAILED,CN076044,OPEN,COMPLAINT,small,-87.721229,41.844403,CONSERVATION
FAILED,CN190019,OPEN,COMPLAINT,small,-87.681493,42.018409,CONSERVATION
FAILED,CN196029,OPEN,COMPLAINT,small,-87.648458,41.833855,CONSERVATION
FAILED,EV1110,COMPLIED,PERMIT,small,-87.652036,41.887122,ELEVATOR
FAILED,CN131026,OPEN,COMPLAINT,small,-87.627817,41.681504,CONSERVATION
FAILED,PL159017,OPEN,COMPLAINT,small,-87.722697,41.908823,CONSERVATION
FAILED,CN194029,OPEN,PERIODIC,small,-87.695309,41.842996,CONSERVATION
FAILED,CN135016,OPEN,COMPLAINT,small,-87.765706,41.907717,SPECIAL TASK FORCE
FAILED,CN190019,OPEN,COMPLAINT,small,-87.775534,41.956812,CONSERVATION
FAILED,NC2021,OPEN,COMPLAINT,small,-87.625704,41.855406,CONSERVATION
FAILED,CN190020,OPEN,COMPLAINT,small,-87.661366,41.935064,CONSERVATION
FAILED,CN190019,OPEN,COMPLAINT,small,-87.737948,41.870822,SPECIAL TASK FORCE
FAILED,CN070014,OPEN,COMPLAINT,small,-87.609791,41.783276,SPECIAL TASK FORCE
FAILED,CN061014,OPEN,COMPLAINT,small,-87.690198,41.824813,CONSERVATION
FAILED,CN104015,OPEN,PERIODIC,small,-87.642444,41.765125,CONSERVATION
FAILED,CN138066,OPEN,COMPLAINT,large,-87.58434,41.747232,CONSERVATION
FAILED,EV1111,OPEN,PERIODIC,small,-87.714496,41.887523,ELEVATOR
PASSED,VT1010,COMPLIED,PERMIT,small,-87.697239,41.780734,VENTILATION
FAILED,CN015062,OPEN,COMPLAINT,small,-87.605311,41.745686,CONSERVATION
FAILED,CN104015,OPEN,COMPLAINT,small,-87.692813,41.822714,CONSERVATION
PASSED,VT1030,OPEN,PERMIT,small,-87.686237,41.852139,VENTILATION
FAILED,CN190019,OPEN,COMPLAINT,small,-87.66196,41.780444,SPECIAL TASK FORCE
FAILED,EL0020,OPEN,COMPLAINT,small,-87.724072,41.879672,CONSERVATION
FAILED,CN076014,OPEN,COMPLAINT,small,-87.625821,41.793649,CONSERVATION
FAILED,CN138056,COMPLIED,COMPLAINT,small,-87.736455,41.782407,CONSERVATION
FAILED,EV1110,OPEN,PERMIT,small,-87.723993,41.881969,ELEVATOR
FAILED,CN070014,COMPLIED,COMPLAINT,small,-87.620415,41.831639,CONSERVATION
FAILED,IR0000,OPEN,COMPLAINT,small,-87.655214,41.941124,IRON
FAILED,CN196029,OPEN,COMPLAINT,small,-87.613498,41.745548,CONSERVATION
FAILED,CN079014,OPEN,COMPLAINT,small,-87.646258,41.748468,CONSERVATION
FAILED,EV1210,OPEN,COMPLAINT,small,-87.624241,41.89795,ELEVATOR
FAILED,CN073054,OPEN,PERIODIC,small,-87.715251,41.954989,CONSERVATION
FAILED,CN190019,OPEN,COMPLAINT,small,-87.76662,41.910138,CONSERVATION
PASSED,RF301031,COMPLIED,PERIODIC,small,-87.771355,41.778013,REFRIGERATION
FAILED,CN138106,OPEN,COMPLAINT,small,-87.719368,41.959888,CONSERVATION
FAILED,EV1210,OPEN,COMPLAINT,small,-87.626647,41.891796,ELEVATOR
FAILED,CN070024,OPEN,COMPLAINT,small,-87.60638,41.702965,CONSERVATION
FAILED,CN031023,OPEN,PERIODIC,small,-87.702246,41.925764,SPECIAL INSPECTION PROGRAM
FAILED,CN070024,OPEN,COMPLAINT,small,-87.695911,41.787194,CONSERVATION
FAILED,CN190019,OPEN,COMPLAINT,small,-87.747719,41.80086,CONSERVATION
FAILED,CN079014,OPEN,COMPLAINT,small,-87.637229,41.687112,CONSERVATION
FAILED,CN070024,OPEN,COMPLAINT,small,-87.535423,41.715364,CONSERVATION
FAILED,CN138056,OPEN,COMPLAINT,small,-87.564448,41.714187,CONSERVATION
FAILED,EV1111,OPEN,PERIODIC,small,-87.659581,41.877178,ELEVATOR
FAILED,CN039013,OPEN,COMPLAINT,small,-87.647502,41.909314,SPECIAL INSPECTION PROGRAM
FAILED,CN070024,OPEN,COMPLAINT,small,-87.671649,41.7913,SPECIAL TASK FORCE
PASSED,EV1420,COMPLIED,PERMIT,small,-87.632777,41.903975,ELEVATOR
FAILED,CN196029,OPEN,COMPLAINT,small,-87.798421,41.923683,CONSERVATION
FAILED,NC2051,OPEN,COMPLAINT,small,-87.714781,41.885383,CONSERVATION
FAILED,CN073014,OPEN,COMPLAINT,small,-87.607964,41.757717,CONSERVATION
FAILED,CN101025,OPEN,COMPLAINT,small,-87.668108,41.794985,CONSERVATION
FAILED,EV1110,OPEN,COMPLAINT,small,-87.629001,41.890159,ELEVATOR
FAILED,CN015062,OPEN,PERIODIC,small,-87.603745,41.785791,SPECIAL INSPECTION PROGRAM
PASSED,EL0085,COMPLIED,PERMIT,small,-87.747781,41.933452,ELECTRICAL
FAILED,CN197079,OPEN,COMPLAINT,small,-87.663438,41.802218,CONSERVATION
PASSED,CN063014,COMPLIED,COMPLAINT,small,-87.741449,41.975284,SPECIAL TASK FORCE
FAILED,CN138066,OPEN,COMPLAINT,small,-87.56059,41.764227,CONSERVATION
FAILED,CN190019,OPEN,COMPLAINT,small,-87.739947,41.734661,CONSERVATION
FAILED,CN015062,OPEN,COMPLAINT,small,-87.765187,41.887109,SPECIAL TASK FORCE
FAILED,CN073024,OPEN,PERIODIC,small,-87.654384,41.944233,CONSERVATION
FAILED,CN131026,OPEN,COMPLAINT,small,-87.632562,41.818557,CONSERVATION
FAILED,CN063014,OPEN,COMPLAINT,small,-87.731991,41.807278,CONSERVATION
FAILED,EV1111,OPEN,PERIODIC,small,-87.656612,41.988269,ELEVATOR
FAILED,CN104035,OPEN,COMPLAINT,small,-87.607533,41.731025,CONSERVATION
FAILED,CN065034,OPEN,COMPLAINT,small,-87.706627,41.871065,CONSERVATION
FAILED,EV1110,OPEN,PERMIT,small,-87.624106,41.894984,ELEVATOR
FAILED,CN104015,OPEN,COMPLAINT,small,-87.727681,41.918664,CONSERVATION
FAILED,CN136026,OPEN,COMPLAINT,small,-87.71745,41.856126,CONSERVATION
FAILED,CN076044,OPEN,COMPLAINT,small,-87.668605,41.835788,CONSERVATION
FAILED,NC2011,OPEN,COMPLAINT,small,-87.703976,41.854722,NEW CONSTRUCTION
FAILED,CN196029,OPEN,COMPLAINT,small,-87.692699,41.846656,CONSERVATION
FAILED,CN070024,OPEN,PERIODIC,small,-87.61933,41.804872,CONSERVATION
FAILED,EL0084,OPEN,COMPLAINT,small,-87.641523,41.753314,SPECIAL TASK FORCE
FAILED,NC2022,OPEN,COMPLAINT,small,-87.811762,41.942148,NEW CONSTRUCTION
FAILED,CN015012,OPEN,COMPLAINT,small,-87.74187,41.883279,CONSERVATION
FAILED,EL0033,OPEN,COMPLAINT,small,-87.582471,41.772192,ELECTRICAL
PASSED,CN194019,COMPLIED,COMPLAINT,small,-87.666653,42.021919,CONSERVATION
FAILED,CN134056,OPEN,PERIODIC,small,-87.647022,41.932868,CONSERVATION
FAILED,CN015012,OPEN,COMPLAINT,small,-87.65605,41.966261,CONSERVATION
FAILED,EV1111,OPEN,PERIODIC,small,-87.65533,41.993004,ELEVATOR
FAILED,EL0096,OPEN,COMPLAINT,small,-87.633882,41.890025,SIGNS
FAILED,CN062024,OPEN,COMPLAINT,small,-87.601362,41.737866,CONSERVATION
FAILED,CN194039,OPEN,PERMIT,small,-87.633955,41.892863,REFRIGERATION
FAILED,CN061014,OPEN,COMPLAINT,small,-87.747362,41.910415,CONSERVATION
FAILED,CN104025,OPEN,COMPLAINT,small,-87.692371,41.825148,CONSERVATION
FAILED,CN190019,OPEN,COMPLAINT,small,-87.795595,41.930281,CONSERVATION
FAILED,CN077014,OPEN,COMPLAINT,small,-87.581484,41.749323,CONSERVATION
FAILED,NC2022,OPEN,COMPLAINT,small,-87.653977,41.800893,NEW CONSTRUCTION
FAILED,PL165017,OPEN,COMPLAINT,small,-87.62551,41.698398,SPECIAL TASK FORCE
FAILED,CN138056,OPEN,COMPLAINT,small,-87.536347,41.703398,CONSERVATION
FAILED,NC2022,OPEN,COMPLAINT,small,-87.664327,41.703834,NEW CONSTRUCTION
FAILED,CN138106,OPEN,COMPLAINT,small,-87.701508,41.934334,CONSERVATION
FAILED,EV1110,OPEN,PERMIT,small,-87.595384,41.803307,ELEVATOR
FAILED,CN190019,OPEN,COMPLAINT,small,-87.689526,41.883085,CONSERVATION
FAILED,CN101015,OPEN,PERIODIC,small,-87.661123,41.962242,CONSERVATION
FAILED,CN101025,OPEN,COMPLAINT,small,-87.734209,41.973904,CONSERVATION
FAILED,CN194049,OPEN,PERIODIC,small,-87.627994,41.834547,SPECIAL INSPECTION PROGRAM
FAILED,CN079014,OPEN,COMPLAINT,small,-87.693088,41.987901,CONSERVATION
FAILED,EL0018,OPEN,COMPLAINT,small,-87.661399,41.806004,SPECIAL TASK FORCE
FAILED,CN138106,OPEN,COMPLAINT,small,-87.751115,41.906527,CONSERVATION
FAILED,CN138066,OPEN,PERIODIC,small,-87.582485,41.772769,CONSERVATION
PASSED,EV1110,COMPLIED,PERMIT,small,-87.627324,41.869432,ELEVATOR
FAILED,CN061014,OPEN,COMPLAINT,small,-87.659303,41.762358,CONSERVATION
FAILED,CN079014,OPEN,COMPLAINT,small,-87.795958,41.912798,CONSERVATION
FAILED,CN102015,OPEN,COMPLAINT,small,-87.701445,41.961341,SPECIAL INSPECTION PROGRAM
FAILED,EL0086,OPEN,COMPLAINT,small,-87.556163,41.738258,ELECTRICAL
FAILED,PL153027,OPEN,COMPLAINT,small,-87.547153,41.733457,CONSERVATION
FAILED,CN136016,OPEN,COMPLAINT,small,-87.72638,41.916058,CONSERVATION
FAILED,EL0085,OPEN,COMPLAINT,small,-87.73815,41.882868,SPECIAL TASK FORCE
FAILED,CN041063,OPEN,COMPLAINT,small,-87.781183,41.923633,CONSERVATION
FAILED,CN070014,OPEN,COMPLAINT,small,-87.650219,41.796395,CONSERVATION
FAILED,CN190019,OPEN,COMPLAINT,small,-87.687294,41.780921,CONSERVATION
FAILED,CN190019,OPEN,COMPLAINT,small,-87.571701,41.727896,CONSERVATION
FAILED,CN061014,OPEN,COMPLAINT,small,-87.667632,41.811279,CONSERVATION
FAILED,EV1110,COMPLIED,PERIODIC,small,-87.658245,41.995809,ELEVATOR
FAILED,CN138066,OPEN,COMPLAINT,small,-87.658786,41.93883,CONSERVATION
FAILED,CN131016,OPEN,COMPLAINT,small,-87.570827,41.717776,CONSERVATION
FAILED,CN140026,OPEN,COMPLAINT,small,-87.705318,41.814936,CONSERVATION
FAILED,EV1110,OPEN,PERMIT,small,-87.637809,41.851552,ELEVATOR
FAILED,CN196029,OPEN,PERIODIC,small,-87.667472,41.957165,CONSERVATION
FAILED,EL0085,OPEN,PERMIT,small,-87.689367,41.903937,ELECTRICAL
FAILED,NC4032,OPEN,PERIODIC,small,-87.645599,41.933474,CONSERVATION
FAILED,CN065034,OPEN,PERIODIC,small,-87.649615,41.946742,CONSERVATION
FAILED,CN041063,OPEN,COMPLAINT,small,-87.695311,41.763844,CONSERVATION
FAILED,CN071014,OPEN,COMPLAINT,small,-87.756836,41.912207,CONSERVATION
FAILED,CN140016,OPEN,COMPLAINT,small,-87.622334,41.693844,CONSERVATION
FAILED,CN104055,OPEN,COMPLAINT,small,-87.714204,41.951814,CONSERVATION
PASSED,EV1111,COMPLIED,PERMIT,small,-87.676647,42.02266,ELEVATOR
FAILED,CN190019,OPEN,COMPLAINT,small,-87.587936,41.762507,CONSERVATION
FAILED,EL0066,OPEN,COMPLAINT,small,-87.642779,41.773117,SPECIAL TASK FORCE
PASSED,CN190019,COMPLIED,COMPLAINT,small,-87.554172,41.747377,CONSERVATION
FAILED,CN061014,OPEN,COMPLAINT,small,-87.688415,41.780639,CONSERVATION
FAILED,PL159017,OPEN,COMPLAINT,small,-87.66094,41.752103,CONSERVATION
FAILED,EL0020,OPEN,COMPLAINT,small,-87.662313,41.748119,ELECTRICAL
FAILED,CN061014,OPEN,COMPLAINT,small,-87.706662,41.781543,CONSERVATION
PASSED,VT1010,OPEN,PERMIT,small,-87.641863,41.776038,VENTILATION
FAILED,CN063024,OPEN,COMPLAINT,small,-87.647779,41.795383,CONSERVATION
FAILED,CN061074,OPEN,PERIODIC,small,-87.649841,41.926064,CONSERVATION
PASSED,EV1110,COMPLIED,PERIODIC,small,-87.654983,41.981547,ELEVATOR
FAILED,CN063014,OPEN,COMPLAINT,small,-87.68948,41.774832,CONSERVATION
PASSED,ELSW02,COMPLIED,PERMIT,small,-87.722052,41.925368,ELECTRICAL
FAILED,CN165017,OPEN,COMPLAINT,small,-87.54595,41.735811,CONSERVATION
FAILED,EV1110,OPEN,PERMIT,small,-87.632777,41.903975,ELEVATOR
FAILED,CN064014,OPEN,PERIODIC,small,-87.619311,41.792401,CONSERVATION
FAILED,CN074014,OPEN,COMPLAINT,small,-87.666744,41.776042,CONSERVATION
FAILED,CN079014,OPEN,COMPLAINT,small,-87.601805,41.755876,CONSERVATION
FAILED,CN196019,OPEN,PERIODIC,small,-87.667997,42.007521,CONSERVATION
PASSED,EL0024,COMPLIED,COMPLAINT,small,-87.733127,41.960998,ELECTRICAL
FAILED,CN194029,OPEN,COMPLAINT,small,-87.649509,41.943004,SPECIAL INSPECTION PROGRAM
FAILED,CN198019,OPEN,COMPLAINT,small,-87.648834,41.753895,CONSERVATION
FAILED,CN103015,OPEN,COMPLAINT,small,-87.650871,41.785719,CONSERVATION
FAILED,CN070024,OPEN,COMPLAINT,small,-87.692322,41.992902,CONSERVATION
FAILED,CN105015,OPEN,COMPLAINT,small,-87.623051,41.828689,CONSERVATION
FAILED,CN101015,OPEN,COMPLAINT,small,-87.664402,41.792639,CONSERVATION
FAILED,CN104015,OPEN,COMPLAINT,small,-87.583025,41.750817,CONSERVATION
FAILED,CN198019,OPEN,COMPLAINT,small,-87.749491,41.876839,CONSERVATION
FAILED,CN067014,OPEN,COMPLAINT,small,-87.594131,41.751606,CONSERVATION
FAILED,CN196029,OPEN,COMPLAINT,small,-87.665646,41.941676,CONSERVATION
FAILED,CN138106,OPEN,COMPLAINT,small,-87.788075,41.972963,CONSERVATION
PASSED,CN190019,COMPLIED,PERIODIC,small,-87.723375,41.80578,SPECIAL INSPECTION PROGRAM
FAILED,CN111025,OPEN,COMPLAINT,small,-87.749597,41.96059,CONSERVATION
FAILED,CN070024,OPEN,COMPLAINT,small,-87.669949,41.898299,CONSERVATION
FAILED,CN061014,OPEN,COMPLAINT,small,-87.712755,41.893868,SPECIAL TASK FORCE
FAILED,NC2022,OPEN,COMPLAINT,small,-87.75461,41.903278,NEW CONSTRUCTION
FAILED,CN062024,OPEN,COMPLAINT,small,-87.622936,41.755053,CONSERVATION
FAILED,CN190019,OPEN,COMPLAINT,small,-87.624274,41.74693,CONSERVATION
PASSED,VT1010,COMPLIED,PERMIT,small,-87.765691,41.946321,VENTILATION
FAILED,CN070024,OPEN,COMPLAINT,small,-87.677361,41.935831,CONSERVATION
FAILED,CN138106,OPEN,COMPLAINT,small,-87.698605,41.998803,CONSERVATION
FAILED,VT1010,OPEN,PERMIT,small,-87.722544,41.942592,VENTILATION
FAILED,CN101015,OPEN,PERIODIC,small,-87.60614,41.745462,CONSERVATION
FAILED,CN104015,OPEN,COMPLAINT,small,-87.747597,41.920944,CONSERVATION
FAILED,CN067024,OPEN,COMPLAINT,small,-87.700381,41.901459,CONSERVATION
FAILED,CN198019,OPEN,COMPLAINT,small,-87.616284,41.801101,CONSERVATION
FAILED,CN062024,OPEN,COMPLAINT,small,-87.685069,41.87064,CONSERVATION
FAILED,CN070024,OPEN,COMPLAINT,small,-87.662143,41.788189,CONSERVATION
FAILED,CN190019,OPEN,COMPLAINT,small,-87.724562,41.867199,SPECIAL TASK FORCE
FAILED,NC2020,OPEN,COMPLAINT,small,-87.715826,41.919932,CONSERVATION
FAILED,CN076014,OPEN,COMPLAINT,large,-87.60804,41.77222,SPECIAL TASK FORCE
FAILED,NC2011,OPEN,COMPLAINT,small,-87.673977,41.765603,SPECIAL TASK FORCE
PASSED,EV1111,COMPLIED,PERMIT,small,-87.641889,41.942155,ELEVATOR
FAILED,CN198019,OPEN,COMPLAINT,small,-87.687113,41.76666,CONSERVATION
FAILED,EV1111,OPEN,PERMIT,small,-87.656818,41.948894,ELEVATOR
FAILED,CN190019,OPEN,COMPLAINT,small,-87.666855,41.895053,CONSERVATION
PASSED,BR1001,COMPLIED,PERIODIC,small,-87.683055,41.689683,BOILER
FAILED,EL0019,OPEN,COMPLAINT,small,-87.622248,41.699005,SPECIAL TASK FORCE
FAILED,CN067014,OPEN,COMPLAINT,small,-87.773548,41.889922,CONSERVATION
FAILED,CN103015,OPEN,COMPLAINT,small,-87.554195,41.748518,SPECIAL TASK FORCE
FAILED,EL0096,OPEN,COMPLAINT,small,-87.713077,41.96124,SIGNS
FAILED,CN194029,OPEN,COMPLAINT,small,-87.622008,41.782624,CONSERVATION
FAILED,CN138106,OPEN,COMPLAINT,small,-87.687208,41.957427,CONSERVATION
FAILED,CN067024,OPEN,COMPLAINT,small,-87.633988,41.689476,CONSERVATION
FAILED,PL157027,OPEN,COMPLAINT,small,-87.661399,41.806004,SPECIAL TASK FORCE
FAILED,PL171017,OPEN,COMPLAINT,small,-87.710486,41.873522,SPECIAL TASK FORCE
FAILED,CN067014,OPEN,COMPLAINT,small,-87.755823,41.910134,CONSERVATION
FAILED,PL171017,OPEN,COMPLAINT,small,-87.645333,41.735939,SPECIAL TASK FORCE
FAILED,EL0084,OPEN,PERMIT,small,-87.754186,41.879279,ELECTRICAL
FAILED,CN198019,OPEN,COMPLAINT,small,-87.559782,41.75247,CONSERVATION
FAILED,CN136026,OPEN,COMPLAINT,small,-87.796342,41.924416,CONSERVATION
FAILED,CN061014,OPEN,PERIODIC,small,-87.602932,41.802408,CONSERVATION
FAILED,CN132046,OPEN,COMPLAINT,small,-87.64017,41.750809,CONSERVATION
PASSED,BR1001,COMPLIED,PERIODIC,small,-87.714831,41.964855,BOILER
FAILED,NC2021,OPEN,COMPLAINT,small,-87.717578,41.784089,CONSERVATION
FAILED,EL0039,OPEN,COMPLAINT,small,-87.76213,41.89306,SPECIAL TASK FORCE
FAILED,CN138056,OPEN,COMPLAINT,small,-87.558992,41.745381,CONSERVATION
FAILED,NC2011,OPEN,COMPLAINT,small,-87.660491,41.782283,CONSERVATION
FAILED,CN046013,OPEN,COMPLAINT,small,-87.667028,41.799906,CONSERVATION
FAILED,ELGB04,OPEN,PERMIT,small,-87.74566,41.874172,ELECTRICAL
PASSED,VT1010,OPEN,PERMIT,small,-87.690541,41.955944,VENTILATION
PASSED,VT1010,COMPLIED,PERMIT,small,-87.649888,41.829553,VENTILATION
FAILED,CN073014,OPEN,COMPLAINT,small,-87.622793,41.801897,CONSERVATION
FAILED,EL0096,OPEN,COMPLAINT,small,-87.688571,41.925003,SIGNS
FAILED,CN198019,OPEN,COMPLAINT,small,-87.656555,41.952757,CONSERVATION
FAILED,CN190029,OPEN,PERIODIC,small,-87.594583,41.784094,CONSERVATION
FAILED,CN197087,OPEN,COMPLAINT,small,-87.694465,41.865465,SPECIAL TASK FORCE
FAILED,CN073014,OPEN,COMPLAINT,small,-87.66636,41.939618,CONSERVATION
FAILED,CN073034,COMPLIED,COMPLAINT,small,-87.758155,41.929677,CONSERVATION
FAILED,CN104015,OPEN,COMPLAINT,small,-87.760736,41.893445,SPECIAL TASK FORCE
FAILED,CN076034,OPEN,COMPLAINT,small,-87.558597,41.738622,CONSERVATION
FAILED,EL0022,OPEN,COMPLAINT,small,-87.68479,41.768202,ELECTRICAL
FAILED,CN077014,OPEN,COMPLAINT,small,-87.578628,41.76674,SPECIAL TASK FORCE
PASSED,PL237020,COMPLIED,COMPLAINT,small,-87.633917,41.790912,SPECIAL TASK FORCE
FAILED,199029,OPEN,COMPLAINT,small,-87.663969,41.950622,VENTILATION
FAILED,NC2022,OPEN,COMPLAINT,small,-87.566198,41.757649,NEW CONSTRUCTION
FAILED,CN190019,OPEN,COMPLAINT,small,-87.572505,41.766688,CONSERVATION
FAILED,PL162017,OPEN,COMPLAINT,small,-87.539046,41.691201,CONSERVATION
FAILED,CN069034,OPEN,COMPLAINT,small,-87.657642,41.840415,CONSERVATION
FAILED,CN197087,OPEN,COMPLAINT,small,-87.765706,41.907717,SPECIAL TASK FORCE
FAILED,CN077014,OPEN,COMPLAINT,small,-87.691508,41.932249,CONSERVATION
FAILED,CN132016,OPEN,COMPLAINT,small,-87.58146,41.769641,CONSERVATION
FAILED,CN136016,COMPLIED,COMPLAINT,small,-87.664521,41.75111,CONSERVATION
FAILED,CN196029,OPEN,COMPLAINT,small,-87.663699,41.812078,CONSERVATION
FAILED,CN196029,OPEN,COMPLAINT,small,-87.666266,41.770944,CONSERVATION
FAILED,CN061014,OPEN,COMPLAINT,small,-87.737025,41.877951,CONSERVATION
FAILED,CN015062,OPEN,PERIODIC,small,-87.585397,41.769816,CONSERVATION
FAILED,CN197019,OPEN,COMPLAINT,small,-87.690656,41.773126,CONSERVATION
PASSED,CN073014,COMPLIED,COMPLAINT,small,-87.579467,41.763983,CONSERVATION
FAILED,EL0096,OPEN,COMPLAINT,small,-87.626056,41.802735,SIGNS
FAILED,EV1110,OPEN,PERIODIC,small,-87.687002,41.907609,ELEVATOR
FAILED,CN065014,OPEN,PERIODIC,small,-87.662196,41.972526,CONSERVATION
FAILED,CN065014,OPEN,COMPLAINT,small,-87.575249,41.767095,CONSERVATION
FAILED,CN015012,OPEN,COMPLAINT,small,-87.761604,41.886258,CONSERVATION
FAILED,NC2020,OPEN,COMPLAINT,small,-87.702651,41.809419,NEW CONSTRUCTION
FAILED,CN067014,OPEN,COMPLAINT,small,-87.644452,41.77252,CONSERVATION
FAILED,CN062024,OPEN,PERIODIC,small,-87.585397,41.769816,CONSERVATION
PASSED,BR2080,COMPLIED,PERIODIC,small,-87.68572,41.905315,BOILER
FAILED,CN070024,OPEN,COMPLAINT,small,-87.716865,41.836357,CONSERVATION
FAILED,EV1110,OPEN,PERMIT,small,-87.628598,41.905869,ELEVATOR
FAILED,CN197019,OPEN,COMPLAINT,small,-87.574086,41.769325,CONSERVATION
FAILED,CN131026,OPEN,COMPLAINT,small,-87.70744,41.872654,CONSERVATION
FAILED,CN103035,OPEN,PERIODIC,small,-87.648456,41.833623,CONSERVATION
FAILED,CN062024,OPEN,COMPLAINT,small,-87.604046,41.74881,CONSERVATION
FAILED,CN070024,OPEN,COMPLAINT,small,-87.769505,41.869428,CONSERVATION
FAILED,EL0096,OPEN,COMPLAINT,small,-87.585124,41.73976,SIGNS
FAILED,CN131016,OPEN,COMPLAINT,small,-87.648482,41.923742,CONSERVATION
FAILED,CN140016,OPEN,COMPLAINT,small,-87.669775,41.766068,CONSERVATION
FAILED,CN190019,OPEN,COMPLAINT,small,-87.6997,41.791856,CONSERVATION
FAILED,CN138106,OPEN,COMPLAINT,small,-87.655882,41.734673,CONSERVATION
FAILED,CN073024,OPEN,PERIODIC,small,-87.719069,41.860952,CONSERVATION
FAILED,CN066014,OPEN,COMPLAINT,small,-87.601416,41.758735,CONSERVATION
PASSED,CN046013,COMPLIED,COMPLAINT,small,-87.686903,41.7696,CONSERVATION
FAILED,CN131036,OPEN,COMPLAINT,small,-87.636918,41.763813,CONSERVATION
FAILED,CN111105,OPEN,COMPLAINT,small,-87.702701,41.846474,CONSERVATION
FAILED,EL0085,OPEN,PERMIT,small,-87.725784,41.78944,ELECTRICAL
FAILED,CN106015,OPEN,PERIODIC,small,-87.624361,41.893372,SPECIAL INSPECTION PROGRAM
FAILED,CN061014,OPEN,PERIODIC,small,-87.583729,41.769834,CONSERVATION
PASSED,EV1110,COMPLIED,PERMIT,small,-87.629256,41.88203,ELEVATOR
FAILED,RF302091,OPEN,PERIODIC,small,-87.728159,41.928208,REFRIGERATION
PASSED,PL151137,OPEN,PERMIT,small,-87.707589,41.843201,PLUMBING
FAILED,CN192019,OPEN,COMPLAINT,small,-87.536634,41.712869,CONSERVATION
FAILED,CN198019,OPEN,COMPLAINT,small,-87.613405,41.782703,CONSERVATION
FAILED,NC2020,OPEN,COMPLAINT,small,-87.756436,41.958676,CONSERVATION
FAILED,PL157047,OPEN,COMPLAINT,small,-87.677396,41.917873,CONSERVATION
FAILED,EL0024,OPEN,COMPLAINT,small,-87.773223,41.906253,SPECIAL TASK FORCE
FAILED,CN104075,OPEN,COMPLAINT,small,-87.606159,41.746156,CONSERVATION
FAILED,CN198019,OPEN,COMPLAINT,small,-87.724396,41.957128,CONSERVATION
FAILED,CN198019,OPEN,COMPLAINT,small,-87.684477,41.759693,CONSERVATION
FAILED,CN073044,OPEN,COMPLAINT,small,-87.729658,41.875324,CONSERVATION
FAILED,CN103015,OPEN,COMPLAINT,small,-87.568493,41.744321,SPECIAL TASK FORCE
FAILED,CN070014,OPEN,COMPLAINT,small,-87.724862,41.866975,CONSERVATION
PASSED,EV1110,COMPLIED,PERMIT,small,-87.643756,41.878101,ELEVATOR
FAILED,EV1110,OPEN,PERIODIC,small,-87.599925,41.819781,ELEVATOR
FAILED,CN197019,OPEN,COMPLAINT,small,-87.68787,41.882186,CONSERVATION
FAILED,CN190019,OPEN,COMPLAINT,small,-87.674551,41.797528,CONSERVATION
FAILED,CN138106,COMPLIED,COMPLAINT,small,-87.692364,41.780581,CONSERVATION
FAILED,CN070034,OPEN,COMPLAINT,small,-87.644214,41.810167,CONSERVATION
FAILED,CN063014,OPEN,PERIODIC,small,-87.657064,41.993463,CONSERVATION
FAILED,CN062024,OPEN,COMPLAINT,small,-87.614089,41.760855,CONSERVATION
FAILED,PL232040,OPEN,COMPLAINT,small,-87.709448,41.939423,PLUMBING
FAILED,CN074024,OPEN,COMPLAINT,small,-87.725188,41.901344,CONSERVATION
FAILED,CN190019,OPEN,COMPLAINT,small,-87.7576,41.794019,CONSERVATION
FAILED,CN077014,OPEN,COMPLAINT,small,-87.700812,41.777556,CONSERVATION
FAILED,EL0066,OPEN,COMPLAINT,small,-87.635337,41.679814,SPECIAL TASK FORCE
FAILED,EV1110,OPEN,PERMIT,small,-87.628054,41.886704,ELEVATOR
FAILED,CN138056,OPEN,COMPLAINT,small,-87.694252,41.936747,CONSERVATION
FAILED,CN063014,OPEN,COMPLAINT,small,-87.663072,41.777184,CONSERVATION
FAILED,CN131016,OPEN,COMPLAINT,small,-87.734497,41.883813,CONSERVATION
FAILED,CN015012,OPEN,COMPLAINT,small,-87.693904,41.878259,CONSERVATION
FAILED,CN190019,OPEN,COMPLAINT,small,-87.763254,41.890639,CONSERVATION
FAILED,PL159027,OPEN,COMPLAINT,small,-87.672495,41.777056,CONSERVATION
FAILED,CN190019,OPEN,PERIODIC,small,-87.648599,41.906265,CONSERVATION
FAILED,CN104015,OPEN,COMPLAINT,small,-87.696505,41.851779,SPECIAL TASK FORCE
FAILED,CN076034,OPEN,COMPLAINT,small,-87.604538,41.73097,CONSERVATION
FAILED,CN190019,OPEN,COMPLAINT,small,-87.620197,41.764163,CONSERVATION
FAILED,EL0023,OPEN,COMPLAINT,small,-87.560358,41.744428,SPECIAL TASK FORCE
FAILED,VT1010,OPEN,PERMIT,small,-87.743921,41.875831,VENTILATION
FAILED,CN103015,OPEN,PERIODIC,small,-87.70221,41.91656,CONSERVATION
FAILED,PL157047,OPEN,PERIODIC,small,-87.604889,41.75483,CONSERVATION
FAILED,CN065034,OPEN,COMPLAINT,small,-87.640145,41.737132,CONSERVATION
FAILED,CN070024,OPEN,COMPLAINT,small,-87.711099,41.981022,CONSERVATION
FAILED,CN138056,OPEN,COMPLAINT,small,-87.740969,41.779842,CONSERVATION
FAILED,CN138056,OPEN,COMPLAINT,small,-87.56059,41.764227,CONSERVATION
FAILED,CN063024,OPEN,COMPLAINT,small,-87.633477,41.760459,CONSERVATION
PASSED,RF301031,COMPLIED,PERIODIC,small,-87.648121,41.901348,REFRIGERATION
FAILED,CN198019,OPEN,COMPLAINT,small,-87.785672,41.939355,CONSERVATION
FAILED,CN104015,OPEN,COMPLAINT,small,-87.563996,41.753948,CONSERVATION
FAILED,CN101015,OPEN,COMPLAINT,small,-87.628274,41.690596,CONSERVATION
FAILED,CN190019,OPEN,COMPLAINT,small,-87.571323,41.768519,CONSERVATION
FAILED,CN190019,OPEN,COMPLAINT,small,-87.649348,41.756135,CONSERVATION
FAILED,CN061014,OPEN,COMPLAINT,small,-87.607249,41.776495,CONSERVATION
FAILED,CN196029,OPEN,COMPLAINT,small,-87.664572,41.972327,CONSERVATION
FAILED,CN197039,OPEN,COMPLAINT,small,-87.646363,41.788251,CONSERVATION
FAILED,EL0085,OPEN,COMPLAINT,small,-87.765187,41.887109,SPECIAL TASK FORCE
FAILED,CN015062,OPEN,PERIODIC,small,-87.610733,41.783711,CONSERVATION
FAILED,CN104035,OPEN,PERIODIC,small,-87.802367,41.994891,CONSERVATION
FAILED,EV1110,OPEN,PERIODIC,small,-87.688659,41.882875,ELEVATOR
FAILED,EV1110,OPEN,PERMIT,small,-87.632777,41.903975,ELEVATOR
FAILED,CN190029,OPEN,COMPLAINT,small,-87.716104,41.941634,CONSERVATION
FAILED,EV1110,COMPLIED,PERIODIC,small,-87.658245,41.995809,ELEVATOR
FAILED,CN070024,OPEN,COMPLAINT,small,-87.555275,41.740371,CONSERVATION
FAILED,CN196029,OPEN,COMPLAINT,small,-87.634109,41.795988,SPECIAL TASK FORCE
FAILED,CN105015,OPEN,PERIODIC,small,-87.584526,41.804273,CONSERVATION
FAILED,EV1110,OPEN,PERMIT,small,-87.601115,41.789542,ELEVATOR
FAILED,CN196019,OPEN,COMPLAINT,small,-87.644407,41.93593,SPECIAL INSPECTION PROGRAM
FAILED,EV1111,OPEN,PERMIT,small,-87.628022,41.883423,ELEVATOR
FAILED,CN061024,OPEN,COMPLAINT,small,-87.648209,41.765349,CONSERVATION
FAILED,CN061014,OPEN,COMPLAINT,small,-87.649972,41.754306,CONSERVATION
FAILED,CN062024,OPEN,PERIODIC,small,-87.660378,41.997996,CONSERVATION
FAILED,CN077014,OPEN,COMPLAINT,small,-87.67636,41.97983,CONSERVATION
FAILED,CN067024,OPEN,COMPLAINT,small,-87.708515,41.843415,CONSERVATION
FAILED,PL171027,OPEN,COMPLAINT,small,-87.63298,41.756652,PLUMBING
FAILED,CN194039,OPEN,PERMIT,small,-87.694945,41.899404,REFRIGERATION
FAILED,CN065034,OPEN,COMPLAINT,small,-87.600275,41.742453,CONSERVATION
FAILED,CN198019,OPEN,COMPLAINT,small,-87.604526,41.730477,CONSERVATION
FAILED,CN063014,OPEN,COMPLAINT,small,-87.597545,41.730228,CONSERVATION
FAILED,EV1110,OPEN,PERIODIC,small,-87.695832,41.869215,ELEVATOR
FAILED,CN132046,OPEN,COMPLAINT,small,-87.652515,41.791159,CONSERVATION
FAILED,CN041063,OPEN,COMPLAINT,small,-87.645783,41.706999,CONSERVATION
FAILED,PL162017,OPEN,COMPLAINT,small,-87.566003,41.719451,SPECIAL TASK FORCE
PASSED,CN079014,COMPLIED,COMPLAINT,small,-87.8006,41.999878,CONSERVATION
FAILED,CN102015,OPEN,COMPLAINT,small,-87.609257,41.741921,CONSERVATION
FAILED,CN198019,OPEN,PERIODIC,small,-87.676244,41.96482,CONSERVATION
FAILED,CN077014,OPEN,COMPLAINT,small,-87.732139,41.876205,CONSERVATION
FAILED,NC2011,OPEN,COMPLAINT,small,-87.764357,41.945798,CONSERVATION
FAILED,CN196019,OPEN,COMPLAINT,small,-87.638593,41.842811,CONSERVATION
FAILED,CN021053,OPEN,PERIODIC,small,-87.629543,41.881807,SPECIAL INSPECTION PROGRAM
FAILED,CN015012,OPEN,COMPLAINT,small,-87.706092,41.843846,CONSERVATION
FAILED,CN070014,OPEN,COMPLAINT,small,-87.725103,41.8986,CONSERVATION
FAILED,CN074014,OPEN,COMPLAINT,small,-87.699362,41.955411,CONSERVATION
FAILED,NC2020,OPEN,COMPLAINT,small,-87.547013,41.651762,NEW CONSTRUCTION
FAILED,PL236020,OPEN,COMPLAINT,small,-87.712895,41.858226,SPECIAL TASK FORCE
FAILED,CN107035,OPEN,PERIODIC,small,-87.687745,41.93798,SPECIAL INSPECTION PROGRAM