INSPECTION_STATUS,VIOLATION_CODE,VIOLATION_STATUS,INSPECTION_CATEGORY,PROPERTY_GROUP,LONGITUDE,LATITUDE,DEPARTMENT_BUREAU
FAILED,CN105055,OPEN,COMPLAINT,small,-87.698262,41.773085,CONSERVATION
FAILED,EV1110,COMPLIED,PERMIT,small,-87.620534,41.853651,ELEVATOR
FAILED,EV1110,OPEN,PERIODIC,small,-87.745784,41.900564,ELEVATOR
FAILED,CN196029,OPEN,COMPLAINT,small,-87.69881,41.822813,CONSERVATION
FAILED,CN070024,OPEN,COMPLAINT,small,-87.641048,41.843466,CONSERVATION
FAILED,CN132046,OPEN,COMPLAINT,small,-87.620499,41.682113,CONSERVATION
FAILED,CN197087,OPEN,COMPLAINT,small,-87.6935,41.911364,CONSERVATION
PASSED,VT1010,OPEN,PERMIT,small,-87.651127,41.919415,VENTILATION
FAILED,CN190019,OPEN,COMPLAINT,small,-87.798421,41.923683,CONSERVATION
FAILED,CN031033,OPEN,PERIODIC,small,-87.669733,41.988725,CONSERVATION
FAILED,CN074014,OPEN,COMPLAINT,small,-87.646476,41.857078,SPECIAL TASK FORCE
FAILED,CN104015,OPEN,COMPLAINT,small,-87.71364,41.915393,CONSERVATION
FAILED,EV1110,OPEN,PERMIT,small,-87.76443,41.872086,ELEVATOR
FAILED,CN107015,OPEN,COMPLAINT,small,-87.583502,41.765051,CONSERVATION
FAILED,EV1111,OPEN,PERIODIC,small,-87.669108,41.985712,ELEVATOR
FAILED,CN136026,OPEN,PERIODIC,small,-87.583812,41.765642,CONSERVATION
PASSED,EL0025,COMPLIED,COMPLAINT,small,-87.729547,41.960054,ELECTRICAL
FAILED,CN190019,OPEN,COMPLAINT,small,-87.610287,41.765964,CONSERVATION
FAILED,CN074024,OPEN,COMPLAINT,small,-87.781683,41.950366,CONSERVATION
FAILED,CN077014,OPEN,COMPLAINT,small,-87.771599,41.960536,CONSERVATION
FAILED,NC2011,OPEN,COMPLAINT,small,-87.709343,41.887373,SPECIAL INSPECTION PROGRAM
FAILED,CN077014,OPEN,COMPLAINT,small,-87.672272,41.814818,CONSERVATION
FAILED,EV1111,OPEN,PERMIT,small,-87.639806,41.88583,ELEVATOR
FAILED,CN015062,OPEN,COMPLAINT,small,-87.656099,41.742576,CONSERVATION
FAILED,CN197079,OPEN,COMPLAINT,small,-87.700587,41.780285,CONSERVATION
FAILED,CN074024,OPEN,COMPLAINT,small,-87.616853,41.770601,CONSERVATION
FAILED,CN190019,OPEN,COMPLAINT,small,-87.689786,41.962248,CONSERVATION
FAILED,NC2071,OPEN,COMPLAINT,small,-87.716865,41.836357,CONSERVATION
FAILED,CN104075,OPEN,COMPLAINT,small,-87.615844,41.783181,CONSERVATION
FAILED,VT1010,OPEN,COMPLAINT,small,-87.785067,41.777511,VENTILATION
FAILED,NC2071,OPEN,COMPLAINT,small,-87.591547,41.762478,SPECIAL TASK FORCE
PASSED,ELSW02,COMPLIED,PERMIT,small,-87.66116,41.965027,ELECTRICAL
PASSED,VT1010,COMPLIED,PERMIT,small,-87.642609,41.878108,VENTILATION
FAILED,CN021053,OPEN,PERIODIC,small,-87.624504,41.881803,SPECIAL INSPECTION PROGRAM
FAILED,CN196029,OPEN,COMPLAINT,small,-87.537848,41.702635,CONSERVATION
FAILED,CN103035,OPEN,COMPLAINT,small,-87.745933,41.894362,SPECIAL TASK FORCE
FAILED,CN021053,OPEN,PERIODIC,small,-87.622792,41.893251,SPECIAL INSPECTION PROGRAM
FAILED,VT1010,OPEN,PERMIT,small,-87.614526,41.778872,VENTILATION
FAILED,CN190019,OPEN,COMPLAINT,small,-87.72932,41.940749,CONSERVATION
FAILED,CN196029,OPEN,COMPLAINT,small,-87.657112,41.792445,SPECIAL TASK FORCE
FAILED,CN061014,OPEN,PERIODIC,small,-87.685464,42.019387,CONSERVATION
FAILED,CN190019,OPEN,PERIODIC,small,-87.722783,41.961056,CONSERVATION
FAILED,CN015062,OPEN,COMPLAINT,small,-87.596834,41.800814,CONSERVATION
FAILED,VT1010,OPEN,PERMIT,small,-87.668691,41.936406,VENTILATION
FAILED,CN079014,OPEN,COMPLAINT,small,-87.710485,41.907225,CONSERVATION
FAILED,CN198019,OPEN,COMPLAINT,small,-87.744025,41.92538,CONSERVATION
FAILED,EL0004,OPEN,COMPLAINT,small,-87.556381,41.758444,ELECTRICAL
FAILED,EL0026,OPEN,COMPLAINT,small,-87.745933,41.894362,SPECIAL TASK FORCE
FAILED,CN061044,OPEN,COMPLAINT,small,-87.677728,41.893972,CONSERVATION
FAILED,PL157047,OPEN,COMPLAINT,small,-87.601416,41.758735,CONSERVATION
FAILED,CN065034,OPEN,COMPLAINT,small,-87.685168,41.785205,CONSERVATION
FAILED,CN194029,OPEN,PERIODIC,small,-87.647332,41.939899,CONSERVATION
FAILED,EV1110,COMPLIED,PERIODIC,small,-87.650792,41.968137,ELEVATOR
FAILED,CN070024,OPEN,PERIODIC,small,-87.704264,41.928518,CONSERVATION
FAILED,CN104055,OPEN,PERIODIC,small,-87.738033,41.880472,CONSERVATION
FAILED,CN011012,OPEN,COMPLAINT,small,-87.711942,41.88556,SPECIAL TASK FORCE
FAILED,NC2021,OPEN,COMPLAINT,small,-87.717195,41.848322,CONSERVATION
FAILED,CN077014,OPEN,COMPLAINT,small,-87.757404,41.889034,CONSERVATION
FAILED,CN061014,OPEN,COMPLAINT,small,-87.592822,41.735512,CONSERVATION
FAILED,CN063014,OPEN,COMPLAINT,small,-87.567348,41.767959,CONSERVATION
FAILED,CN131026,OPEN,PERIODIC,small,-87.574097,41.769735,CONSERVATION
FAILED,CN065014,OPEN,COMPLAINT,small,-87.6595,41.790775,CONSERVATION
FAILED,CN079014,OPEN,COMPLAINT,small,-87.70899,41.923994,CONSERVATION
FAILED,CN138056,OPEN,COMPLAINT,small,-87.552865,41.742803,CONSERVATION
FAILED,PL154017,OPEN,COMPLAINT,small,-87.70888,41.855903,PLUMBING
FAILED,EL0091,OPEN,COMPLAINT,small,-87.642242,41.838204,ELECTRICAL
FAILED,CN065034,OPEN,COMPLAINT,small,-87.771903,41.923345,CONSERVATION
FAILED,CN190019,OPEN,COMPLAINT,small,-87.772902,41.910622,CONSERVATION
FAILED,EL0022,OPEN,COMPLAINT,small,-87.703527,41.797657,CONSERVATION
FAILED,CN131026,OPEN,PERIODIC,small,-87.658473,41.993659,CONSERVATION
FAILED,CN190019,OPEN,COMPLAINT,small,-87.750923,41.954754,CONSERVATION
FAILED,CN197079,COMPLIED,COMPLAINT,small,-87.711074,41.937627,CONSERVATION
FAILED,NC2071,OPEN,COMPLAINT,small,-87.557379,41.738469,CONSERVATION
FAILED,CN061014,OPEN,PERIODIC,small,-87.709847,41.937124,CONSERVATION
FAILED,CN190019,OPEN,COMPLAINT,small,-87.600769,41.816226,CONSERVATION
FAILED,CN062014,OPEN,COMPLAINT,small,-87.700215,41.809742,CONSERVATION
FAILED,NC2021,OPEN,COMPLAINT,small,-87.563753,41.756609,CONSERVATION
FAILED,CN198019,OPEN,COMPLAINT,small,-87.716591,41.859616,SPECIAL TASK FORCE
FAILED,EL0096,OPEN,COMPLAINT,small,-87.761921,41.924141,SIGNS
FAILED,CN101015,OPEN,PERIODIC,small,-87.65485,41.706911,CONSERVATION
FAILED,CN104015,OPEN,COMPLAINT,small,-87.731077,41.902549,CONSERVATION
FAILED,CN197019,OPEN,COMPLAINT,small,-87.820133,41.940333,CONSERVATION
FAILED,EL0096,OPEN,COMPLAINT,small,-87.795128,41.915195,SIGNS
FAILED,CN073014,OPEN,COMPLAINT,small,-87.802251,41.980203,CONSERVATION
FAILED,CN103015,OPEN,COMPLAINT,small,-87.709988,41.798999,CONSERVATION
FAILED,CN076034,COMPLIED,COMPLAINT,small,-87.774423,41.974252,CONSERVATION
FAILED,CN190019,OPEN,COMPLAINT,small,-87.760189,41.96325,NEW CONSTRUCTION
FAILED,CN197087,OPEN,COMPLAINT,small,-87.715526,41.73668,CONSERVATION
FAILED,CN103015,OPEN,COMPLAINT,small,-87.54807,41.74564,CONSERVATION
FAILED,CN063024,OPEN,COMPLAINT,small,-87.728754,41.897309,CONSERVATION
FAILED,CN104015,OPEN,COMPLAINT,small,-87.762525,41.899328,CONSERVATION
PASSED,EL0019,COMPLIED,COMPLAINT,small,-87.658254,41.77811,CONSERVATION
FAILED,CN070024,OPEN,COMPLAINT,small,-87.676638,41.766481,CONSERVATION
FAILED,CN190019,OPEN,COMPLAINT,small,-87.620258,41.781697,CONSERVATION
FAILED,EL0029,OPEN,PERIODIC,small,-87.728857,41.883435,CONSERVATION
FAILED,CN064014,OPEN,PERIODIC,small,-87.646018,41.923331,CONSERVATION
FAILED,CN131026,OPEN,COMPLAINT,small,-87.753241,41.893128,CONSERVATION
FAILED,CN065014,OPEN,PERIODIC,small,-87.687821,41.824021,CONSERVATION
FAILED,CN073014,OPEN,COMPLAINT,small,-87.649347,41.715947,CONSERVATION
FAILED,CN071024,OPEN,COMPLAINT,small,-87.673398,41.799628,CONSERVATION
FAILED,CN198019,OPEN,COMPLAINT,small,-87.59715,41.775141,CONSERVATION
FAILED,PL153017,OPEN,COMPLAINT,small,-87.621327,41.707997,SPECIAL TASK FORCE
FAILED,EL0019,OPEN,COMPLAINT,small,-87.595201,41.811245,SPECIAL TASK FORCE
FAILED,PL231050,OPEN,COMPLAINT,small,-87.661987,41.750976,PLUMBING
FAILED,CN101015,OPEN,COMPLAINT,small,-87.700546,41.946772,CONSERVATION
FAILED,CN135016,COMPLIED,COMPLAINT,small,-87.648459,41.793779,CONSERVATION
FAILED,EL0019,OPEN,COMPLAINT,small,-87.611018,41.783423,SPECIAL TASK FORCE
FAILED,CN064014,OPEN,COMPLAINT,small,-87.669037,41.701806,CONSERVATION
FAILED,CN079014,OPEN,COMPLAINT,small,-87.745189,41.943706,CONSERVATION
FAILED,NC2011,OPEN,COMPLAINT,small,-87.760464,41.952204,CONSERVATION
FAILED,CN196029,OPEN,COMPLAINT,small,-87.599228,41.814846,CONSERVATION
FAILED,CN138056,OPEN,COMPLAINT,small,-87.654836,41.93342,CONSERVATION
FAILED,CN190019,OPEN,COMPLAINT,small,-87.657843,41.728206,CONSERVATION
PASSED,199029,COMPLIED,COMPLAINT,small,-87.632508,41.884363,VENTILATION
FAILED,CN190019,OPEN,PERIODIC,small,-87.726619,41.908402,CONSERVATION
FAILED,CN197087,OPEN,PERIODIC,small,-87.596387,41.782081,CONSERVATION
FAILED,CN138106,OPEN,COMPLAINT,small,-87.549672,41.737292,CONSERVATION
FAILED,CN103015,OPEN,PERIODIC,small,-87.563304,41.759773,CONSERVATION
FAILED,CN104075,OPEN,COMPLAINT,small,-87.591249,41.770352,CONSERVATION
FAILED,CN015062,OPEN,PERIODIC,small,-87.663802,41.944569,CONSERVATION
FAILED,CN138106,OPEN,COMPLAINT,small,-87.668804,42.013975,CONSERVATION
FAILED,EV1110,OPEN,PERMIT,small,-87.640805,41.941296,ELEVATOR
FAILED,CN101025,OPEN,COMPLAINT,small,-87.583516,41.765539,CONSERVATION
FAILED,CN196029,OPEN,COMPLAINT,small,-87.687331,41.941173,CONSERVATION
FAILED,CN190019,OPEN,COMPLAINT,small,-87.709942,41.840251,SPECIAL TASK FORCE
FAILED,CN070024,OPEN,COMPLAINT,small,-87.552278,41.752993,CONSERVATION
FAILED,CEE418,OPEN,COMPLAINT,small,-87.69056,41.916532,CONSTRUCTION EQUIPMENT
PASSED,VT1010,COMPLIED,COMPLAINT,small,-87.604837,41.742265,VENTILATION
FAILED,CN197079,OPEN,COMPLAINT,small,-87.659513,41.987172,CONSERVATION
FAILED,CN107035,OPEN,PERIODIC,small,-87.564093,41.758925,CONSERVATION
FAILED,CN106015,OPEN,COMPLAINT,small,-87.573972,41.764246,CONSERVATION
FAILED,CN017012,OPEN,COMPLAINT,small,-87.714872,41.912946,SPECIAL TASK FORCE
FAILED,CN061014,OPEN,COMPLAINT,small,-87.682486,41.992502,CONSERVATION
FAILED,CN198019,OPEN,PERIODIC,small,-87.658424,41.919754,CONSERVATION
FAILED,EL0019,OPEN,COMPLAINT,small,-87.649406,41.776134,ELECTRICAL
FAILED,CN063014,OPEN,PERIODIC,small,-87.665129,41.750222,CONSERVATION
FAILED,NC5012,OPEN,PERIODIC,small,-87.627116,41.884603,CONSERVATION
FAILED,EV1111,OPEN,PERMIT,small,-87.656818,41.948894,ELEVATOR
FAILED,EV1110,OPEN,PERMIT,small,-87.651456,41.830788,ELEVATOR
FAILED,CN065024,OPEN,COMPLAINT,small,-87.680345,41.971439,CONSERVATION
PASSED,VT1010,COMPLIED,PERMIT,small,-87.635812,41.909905,VENTILATION
FAILED,CN190019,OPEN,COMPLAINT,small,-87.692453,41.905817,CONSERVATION
FAILED,CN070024,OPEN,COMPLAINT,small,-87.782675,41.778769,CONSERVATION
FAILED,CN104035,OPEN,COMPLAINT,small,-87.563308,41.760732,CONSERVATION
FAILED,CN061014,OPEN,COMPLAINT,small,-87.696862,41.784419,CONSERVATION
FAILED,CN137056,OPEN,COMPLAINT,small,-87.566133,41.754089,CONSERVATION
PASSED,BR2080,COMPLIED,PERIODIC,small,-87.650964,41.937347,BOILER
FAILED,CN190019,OPEN,COMPLAINT,small,-87.682602,41.807392,CONSERVATION
FAILED,CN063014,OPEN,COMPLAINT,small,-87.726456,41.960855,CONSERVATION
FAILED,CN015062,OPEN,COMPLAINT,small,-87.687364,41.766562,CONSERVATION
FAILED,NC2021,OPEN,COMPLAINT,small,-87.648685,41.748433,NEW CONSTRUCTION
FAILED,CN131016,OPEN,COMPLAINT,small,-87.557093,41.736426,CONSERVATION
FAILED,CN061014,OPEN,PERIODIC,small,-87.623583,41.849891,CONSERVATION
FAILED,CN067024,OPEN,COMPLAINT,small,-87.684222,41.761182,CONSERVATION
FAILED,CN190019,OPEN,COMPLAINT,small,-87.76499,41.926361,CONSERVATION
FAILED,CN070024,OPEN,COMPLAINT,small,-87.738881,41.883096,CONSERVATION
FAILED,CN079014,OPEN,COMPLAINT,small,-87.751078,41.878632,CONSERVATION
FAILED,CN069014,OPEN,COMPLAINT,small,-87.671587,41.788856,CONSERVATION
FAILED,CN190019,OPEN,COMPLAINT,small,-87.757404,41.889034,CONSERVATION
FAILED,CN190029,OPEN,PERIODIC,small,-87.630343,41.856526,CONSERVATION
FAILED,CN106015,OPEN,COMPLAINT,small,-87.651676,41.770178,CONSERVATION
FAILED,EV1110,OPEN,COMPLAINT,small,-87.659017,41.887785,ELEVATOR
FAILED,RF301031,OPEN,PERMIT,small,-87.650012,41.94281,REFRIGERATION
FAILED,CN063014,OPEN,COMPLAINT,small,-87.563542,41.714878,CONSERVATION
FAILED,NC2022,OPEN,COMPLAINT,small,-87.774503,41.91967,NEW CONSTRUCTION
FAILED,PL171027,OPEN,PERMIT,small,-87.652449,41.93459,PLUMBING
PASSED,EV1110,COMPLIED,PERMIT,small,-87.792762,41.981208,ELEVATOR
FAILED,CN015062,OPEN,COMPLAINT,small,-87.635835,41.767241,CONSERVATION
FAILED,CN076044,OPEN,COMPLAINT,small,-87.652695,41.751395,CONSERVATION
PASSED,VT1010,COMPLIED,PERMIT,small,-87.739106,41.952864,VENTILATION
FAILED,CN196029,OPEN,COMPLAINT,small,-87.710763,41.985664,CONSERVATION
FAILED,EV1110,COMPLIED,PERMIT,small,-87.729318,41.940086,ELEVATOR
FAILED,CN190019,OPEN,PERIODIC,small,-87.623628,41.851747,CONSERVATION
FAILED,CN031033,OPEN,PERIODIC,small,-87.643641,41.930034,CONSERVATION
FAILED,CN198019,OPEN,COMPLAINT,small,-87.571613,41.768401,CONSERVATION
FAILED,NC3052,OPEN,PERIODIC,small,-87.686468,41.890547,CONSERVATION
FAILED,PL164037,OPEN,COMPLAINT,small,-87.642197,41.843453,SPECIAL TASK FORCE
FAILED,CN065034,OPEN,PERIODIC,small,-87.603674,41.821871,CONSERVATION
FAILED,CN063024,OPEN,COMPLAINT,small,-87.680808,41.774793,SPECIAL TASK FORCE
FAILED,CN076044,OPEN,COMPLAINT,small,-87.674636,41.937905,CONSERVATION
FAILED,CN065014,OPEN,COMPLAINT,small,-87.676044,41.898236,CONSERVATION
PASSED,CN196019,COMPLIED,COMPLAINT,small,-87.690728,41.809652,CONSERVATION
FAILED,CN196029,OPEN,COMPLAINT,small,-87.71904,41.792236,CONSERVATION
FAILED,CN192039,OPEN,COMPLAINT,small,-87.648458,41.833855,CONSERVATION
FAILED,CN190019,OPEN,COMPLAINT,small,-87.729986,41.914343,CONSERVATION
FAILED,CN198019,OPEN,PERIODIC,small,-87.578865,41.753278,CONSERVATION
FAILED,CN197087,OPEN,COMPLAINT,small,-87.694634,41.871877,SPECIAL TASK FORCE
FAILED,CN077014,OPEN,COMPLAINT,small,-87.702841,41.869968,CONSERVATION
FAILED,CN070024,OPEN,PERIODIC,small,-87.652824,41.942396,CONSERVATION
FAILED,CN070034,OPEN,PERIODIC,small,-87.665677,41.953508,CONSERVATION
FAILED,CN190029,OPEN,PERIODIC,small,-87.615436,41.774897,CONSERVATION
FAILED,EL0018,OPEN,COMPLAINT,small,-87.724464,41.93458,ELECTRICAL
FAILED,CN138056,OPEN,COMPLAINT,small,-87.701792,41.819144,CONSERVATION
FAILED,NC2071,OPEN,COMPLAINT,small,-87.745238,41.919573,NEW CONSTRUCTION
FAILED,CN131026,COMPLIED,PERIODIC,small,-87.561224,41.760597,CONSERVATION
FAILED,CN073024,OPEN,COMPLAINT,small,-87.680382,41.832746,CONSERVATION
FAILED,VT1010,OPEN,PERMIT,large,-87.636935,41.764493,VENTILATION
FAILED,CN104055,OPEN,COMPLAINT,small,-87.633246,41.763237,CONSERVATION
FAILED,NC5042,OPEN,PERIODIC,small,-87.771782,41.901942,CONSERVATION
FAILED,VT1010,OPEN,PERMIT,small,-87.572333,41.760887,VENTILATION
FAILED,CN073014,OPEN,COMPLAINT,small,-87.685306,41.864392,CONSERVATION
FAILED,CN190019,OPEN,COMPLAINT,small,-87.641209,41.941072,CONSERVATION
FAILED,PL158017,OPEN,COMPLAINT,small,-87.70689,41.779022,SPECIAL TASK FORCE
PASSED,EV1110,COMPLIED,PERMIT,small,-87.622575,41.893475,ELEVATOR
FAILED,CN105045,OPEN,COMPLAINT,small,-87.693127,41.77446,CONSERVATION
FAILED,CN132016,OPEN,COMPLAINT,small,-87.617534,41.718099,CONSERVATION
FAILED,EL0029,OPEN,COMPLAINT,small,-87.65177,41.706947,CONSERVATION
FAILED,CN101025,OPEN,PERIODIC,small,-87.615903,41.814946,CONSERVATION
FAILED,CN070024,OPEN,COMPLAINT,small,-87.562783,41.753852,CONSERVATION
FAILED,CN102015,OPEN,COMPLAINT,small,-87.727428,41.856081,CONSERVATION
FAILED,EL0083,OPEN,COMPLAINT,small,-87.714994,41.866185,ELECTRICAL
FAILED,NC2011,OPEN,COMPLAINT,small,-87.588983,41.739856,NEW CONSTRUCTION
FAILED,CN196029,OPEN,COMPLAINT,small,-87.713522,41.847844,CONSERVATION
FAILED,NC2011,OPEN,COMPLAINT,small,-87.637248,41.751908,NEW CONSTRUCTION
FAILED,CN061014,OPEN,COMPLAINT,small,-87.554056,41.756607,CONSERVATION
FAILED,EV1110,COMPLIED,PERMIT,small,-87.665596,41.890889,ELEVATOR
FAILED,CN077014,OPEN,COMPLAINT,small,-87.760123,41.885472,CONSERVATION
FAILED,CN076034,OPEN,COMPLAINT,small,-87.765955,41.788618,CONSERVATION
FAILED,CN076034,OPEN,COMPLAINT,small,-87.626811,41.702458,CONSERVATION
FAILED,CN197087,OPEN,COMPLAINT,small,-87.725853,41.806729,CONSERVATION
PASSED,PL151137,OPEN,PERMIT,small,-87.720967,41.855641,PLUMBING
FAILED,NC2022,OPEN,COMPLAINT,small,-87.679284,41.906089,NEW CONSTRUCTION
FAILED,CN061014,OPEN,PERIODIC,small,-87.712919,41.958755,CONSERVATION
FAILED,EV1110,OPEN,PERIODIC,small,-87.678723,41.993216,ELEVATOR
PASSED,VT1010,COMPLIED,PERMIT,small,-87.673799,41.960476,VENTILATION
FAILED,CN041063,OPEN,COMPLAINT,small,-87.608636,41.803244,CONSERVATION
FAILED,VT2050,OPEN,COMPLAINT,small,-87.651518,41.884227,VENTILATION
FAILED,CN190029,OPEN,PERIODIC,small,-87.689498,41.898552,CONSERVATION
FAILED,NC5042,OPEN,PERIODIC,small,-87.627116,41.884603,CONSERVATION
FAILED,CN131016,OPEN,PERIODIC,small,-87.585397,41.769816,CONSERVATION
FAILED,CN063024,OPEN,COMPLAINT,small,-87.634747,41.790956,CONSERVATION
FAILED,CN192019,OPEN,COMPLAINT,small,-87.659795,41.951064,CONSERVATION
FAILED,CN194029,OPEN,PERIODIC,small,-87.615694,41.777088,CONSERVATION
FAILED,CN067014,OPEN,COMPLAINT,small,-87.748443,41.95808,CONSERVATION
FAILED,CN190019,OPEN,COMPLAINT,small,-87.624253,41.807183,CONSERVATION
FAILED,CN070014,OPEN,PERIODIC,small,-87.596692,41.736873,SPECIAL INSPECTION PROGRAM
FAILED,CN062024,OPEN,COMPLAINT,small,-87.606368,41.699564,CONSERVATION
FAILED,EL0029,OPEN,COMPLAINT,small,-87.554195,41.748518,SPECIAL TASK FORCE
FAILED,CN064014,OPEN,PERIODIC,small,-87.577356,41.761481,CONSERVATION
FAILED,CN104015,OPEN,COMPLAINT,small,-87.712066,41.839364,CONSERVATION
FAILED,CN196029,OPEN,COMPLAINT,small,-87.616669,41.750487,CONSERVATION
FAILED,CN079014,OPEN,COMPLAINT,small,-87.628677,41.727566,CONSERVATION
FAILED,CN104015,OPEN,COMPLAINT,small,-87.76492,41.900218,CONSERVATION
FAILED,CN105055,OPEN,COMPLAINT,small,-87.666748,41.742916,CONSERVATION
PASSED,VT1030,COMPLIED,PERMIT,small,-87.626257,41.879088,VENTILATION
FAILED,CN015062,OPEN,COMPLAINT,small,-87.701384,41.850263,CONSERVATION
PASSED,EV1110,COMPLIED,PERMIT,small,-87.653321,41.87647,ELEVATOR
FAILED,CN138106,OPEN,COMPLAINT,small,-87.666748,41.742916,CONSERVATION
FAILED,CN198019,OPEN,COMPLAINT,small,-87.64637,41.947772,CONSERVATION
PASSED,CN190019,COMPLIED,COMPLAINT,small,-87.740399,41.801581,CONSERVATION
FAILED,CN190019,OPEN,COMPLAINT,small,-87.697995,41.981193,CONSERVATION
FAILED,CN196029,OPEN,COMPLAINT,small,-87.646258,41.748468,CONSERVATION
PASSED,BR2080,COMPLIED,PERIODIC,small,-87.692936,41.922828,BOILER
FAILED,CN110105,OPEN,PERIODIC,small,-87.692645,41.852052,CONSERVATION
FAILED,EV1111,OPEN,PERMIT,small,-87.628022,41.883423,ELEVATOR
FAILED,EL0096,OPEN,COMPLAINT,small,-87.621994,41.835028,SIGNS
FAILED,CN194019,OPEN,COMPLAINT,small,-87.719487,41.869555,CONSERVATION
FAILED,CN074014,OPEN,COMPLAINT,small,-87.730882,41.895782,SPECIAL TASK FORCE
FAILED,CN197087,OPEN,COMPLAINT,small,-87.716504,41.872749,SPECIAL TASK FORCE
FAILED,EV1110,OPEN,PERIODIC,small,-87.643758,41.852121,ELEVATOR
FAILED,PL237026,OPEN,COMPLAINT,small,-87.739434,41.93882,SPECIAL TASK FORCE
FAILED,EV1111,COMPLIED,PERMIT,small,-87.66597,41.840837,ELEVATOR
FAILED,CN196029,OPEN,COMPLAINT,small,-87.760236,41.927617,CONSERVATION
FAILED,CN061024,OPEN,PERIODIC,small,-87.626317,41.850967,CONSERVATION
FAILED,NC2071,OPEN,COMPLAINT,small,-87.742928,41.927376,CONSERVATION
FAILED,PL151137,OPEN,PERMIT,small,-87.605962,41.751379,PLUMBING
FAILED,NC2011,OPEN,COMPLAINT,small,-87.659679,41.718149,NEW CONSTRUCTION
FAILED,CN131016,OPEN,COMPLAINT,small,-87.739947,41.734661,CONSERVATION
FAILED,NC2021,OPEN,COMPLAINT,small,-87.749124,41.975228,NEW CONSTRUCTION
FAILED,CN197087,OPEN,COMPLAINT,small,-87.711217,41.959454,CONSERVATION
FAILED,CN073014,OPEN,COMPLAINT,small,-87.667066,41.743904,CONSERVATION
FAILED,CN134036,OPEN,COMPLAINT,small,-87.649612,41.738183,CONSERVATION
FAILED,CN079014,OPEN,COMPLAINT,small,-87.620619,41.676782,CONSERVATION
FAILED,CN104015,OPEN,COMPLAINT,small,-87.604542,41.731134,CONSERVATION
FAILED,CN073044,OPEN,COMPLAINT,small,-87.651251,41.789244,CONSERVATION
FAILED,CN061014,OPEN,PERIODIC,small,-87.59413,41.751512,CONSERVATION
FAILED,CN061014,OPEN,COMPLAINT,small,-87.65932,41.947543,CONSERVATION
FAILED,CN070014,OPEN,COMPLAINT,small,-87.649709,41.776524,CONSERVATION
FAILED,CN076054,OPEN,COMPLAINT,small,-87.617147,41.702502,CONSERVATION
FAILED,CN066034,OPEN,PERIODIC,small,-87.763537,41.898218,CONSERVATION
PASSED,BR1001,COMPLIED,PERIODIC,small,-87.734195,41.83602,BOILER
FAILED,CN065014,OPEN,COMPLAINT,small,-87.753065,41.897435,CONSERVATION
FAILED,CN017012,OPEN,COMPLAINT,small,-87.722649,41.933782,CONSERVATION
FAILED,CN194039,OPEN,COMPLAINT,small,-87.69718,41.788938,CONSERVATION
FAILED,CN138056,OPEN,COMPLAINT,small,-87.683703,41.992339,CONSERVATION
FAILED,EL0002,OPEN,COMPLAINT,small,-87.669005,41.782845,ELECTRICAL
FAILED,CN198019,OPEN,COMPLAINT,small,-87.601263,41.746441,CONSERVATION
FAILED,CN196029,OPEN,COMPLAINT,small,-87.767537,41.964956,CONSERVATION
PASSED,EL0085,COMPLIED,COMPLAINT,small,-87.783064,41.929641,SPECIAL TASK FORCE
FAILED,CN067024,OPEN,COMPLAINT,small,-87.649159,41.766748,CONSERVATION
FAILED,CN077014,OPEN,COMPLAINT,small,-87.609577,41.773619,CONSERVATION
FAILED,EV1110,COMPLIED,PERMIT,small,-87.63388,41.893884,ELEVATOR
FAILED,PL157047,OPEN,COMPLAINT,small,-87.646947,41.775026,CONSERVATION
FAILED,CN061014,OPEN,COMPLAINT,small,-87.765685,41.910309,CONSERVATION
FAILED,CN138056,OPEN,COMPLAINT,small,-87.693449,41.909425,CONSERVATION
FAILED,CN197079,OPEN,PERIODIC,small,-87.61336,41.803169,CONSERVATION
FAILED,CN197019,OPEN,PERIODIC,small,-87.660885,41.994658,CONSERVATION
FAILED,EV1110,OPEN,PERMIT,small,-87.619109,41.852738,ELEVATOR
FAILED,CN101025,OPEN,COMPLAINT,small,-87.667716,41.814912,CONSERVATION
FAILED,PL155017,OPEN,COMPLAINT,small,-87.671794,41.785717,CONSERVATION
FAILED,CN132016,OPEN,COMPLAINT,small,-87.693373,41.783702,CONSERVATION
FAILED,CN076044,OPEN,COMPLAINT,small,-87.674874,41.764084,CONSERVATION
FAILED,CN138106,OPEN,COMPLAINT,small,-87.649703,41.779784,SPECIAL TASK FORCE
FAILED,CN196029,OPEN,COMPLAINT,small,-87.752521,41.927034,CONSERVATION
FAILED,EL0096,OPEN,COMPLAINT,small,-87.708188,41.961297,SIGNS
FAILED,CN079014,OPEN,COMPLAINT,small,-87.543124,41.740809,CONSERVATION
FAILED,CN070014,OPEN,COMPLAINT,small,-87.750356,41.92064,CONSERVATION
FAILED,CN073014,OPEN,COMPLAINT,small,-87.660893,41.797818,CONSERVATION
FAILED,CN061014,OPEN,COMPLAINT,small,-87.721263,41.867016,CONSERVATION
FAILED,CN138106,OPEN,COMPLAINT,small,-87.666643,41.785387,CONSERVATION
FAILED,CN070024,OPEN,COMPLAINT,small,-87.708212,41.696444,CONSERVATION
FAILED,CN067014,OPEN,COMPLAINT,small,-87.607239,41.700893,CONSERVATION
FAILED,CN196029,OPEN,PERIODIC,small,-87.631772,41.835819,CONSERVATION
FAILED,CN193110,OPEN,COMPLAINT,small,-87.710024,41.681142,CONSERVATION
FAILED,CN041063,OPEN,COMPLAINT,small,-87.728646,41.903653,CONSERVATION
FAILED,CN061014,OPEN,PERIODIC,small,-87.668035,42.017351,CONSERVATION
PASSED,VT1010,OPEN,PERMIT,small,-87.711605,41.931774,VENTILATION
FAILED,CN069014,OPEN,PERIODIC,small,-87.649265,41.944817,CONSERVATION
FAILED,CN190019,OPEN,COMPLAINT,small,-87.718975,41.897744,CONSERVATION
FAILED,CN190019,OPEN,COMPLAINT,small,-87.663503,41.899661,CONSERVATION
FAILED,CN104015,OPEN,PERIODIC,small,-87.572607,41.770617,CONSERVATION
FAILED,CN074024,OPEN,COMPLAINT,small,-87.661485,41.973729,CONSERVATION
FAILED,NC2071,OPEN,COMPLAINT,small,-87.695911,41.787194,CONSERVATION
FAILED,CN197087,OPEN,COMPLAINT,small,-87.595201,41.811245,SPECIAL TASK FORCE
PASSED,EL0024,COMPLIED,COMPLAINT,small,-87.744928,41.875252,ELECTRICAL
FAILED,CN190029,OPEN,PERIODIC,small,-87.664946,41.988362,CONSERVATION
PASSED,EV1110,COMPLIED,PERMIT,small,-87.678708,41.911327,ELEVATOR
FAILED,CN070034,OPEN,COMPLAINT,small,-87.674833,41.942459,CONSERVATION
FAILED,CN196029,OPEN,COMPLAINT,small,-87.631079,41.757081,CONSERVATION
FAILED,CN031023,OPEN,COMPLAINT,small,-87.768318,41.938443,SPECIAL INSPECTION PROGRAM
FAILED,CN131026,OPEN,COMPLAINT,small,-87.590165,41.768635,CONSERVATION
FAILED,CN194039,OPEN,COMPLAINT,small,-87.693774,41.848176,CONSERVATION
FAILED,NC2020,OPEN,PERIODIC,small,-87.563073,41.760858,CONSERVATION
FAILED,CN198019,OPEN,COMPLAINT,small,-87.621721,41.760204,CONSERVATION
FAILED,CN014012,OPEN,COMPLAINT,small,-87.754322,41.8988,CONSERVATION
FAILED,CN061014,OPEN,COMPLAINT,small,-87.751268,41.932496,CONSERVATION
PASSED,EV1110,COMPLIED,PERMIT,small,-87.627713,41.903308,ELEVATOR
FAILED,CN134016,OPEN,COMPLAINT,small,-87.71364,41.915393,CONSERVATION
FAILED,CN132046,OPEN,COMPLAINT,small,-87.573744,41.767488,CONSERVATION
FAILED,CN070014,OPEN,PERIODIC,small,-87.635903,41.916099,CONSERVATION
FAILED,CN015062,COMPLIED,COMPLAINT,small,-87.691593,41.796835,CONSERVATION
FAILED,NC2022,OPEN,COMPLAINT,small,-87.705818,41.875696,NEW CONSTRUCTION
FAILED,CN015062,OPEN,COMPLAINT,small,-87.698605,41.998803,CONSERVATION
FAILED,PL171017,OPEN,COMPLAINT,small,-87.752051,41.906573,PLUMBING
FAILED,CN196029,OPEN,COMPLAINT,small,-87.720655,41.939284,CONSERVATION
FAILED,CN110105,OPEN,COMPLAINT,small,-87.648834,41.753895,CONSERVATION
FAILED,CN138106,OPEN,COMPLAINT,small,-87.677927,42.014638,CONSERVATION
FAILED,EL0091,OPEN,COMPLAINT,small,-87.645481,41.753718,ELECTRICAL
FAILED,CN197019,OPEN,COMPLAINT,small,-87.802457,41.951187,CONSERVATION
FAILED,CN063044,OPEN,COMPLAINT,small,-87.648458,41.833855,CONSERVATION
FAILED,CN012022,OPEN,COMPLAINT,small,-87.58173,41.773277,CONSERVATION
FAILED,CN196029,OPEN,COMPLAINT,small,-87.681939,41.903,CONSERVATION
FAILED,CN190019,OPEN,COMPLAINT,small,-87.714132,41.898866,CONSERVATION
PASSED,EV1110,OPEN,PERMIT,small,-87.620534,41.853651,ELEVATOR
FAILED,CN074024,OPEN,COMPLAINT,small,-87.641578,41.838763,CONSERVATION
FAILED,EV1110,OPEN,PERMIT,small,-87.64993,41.853301,ELEVATOR
FAILED,EV1110,OPEN,PERIODIC,small,-87.678433,41.877357,ELEVATOR
FAILED,CN196029,OPEN,PERIODIC,small,-87.627021,41.856276,CONSERVATION
FAILED,CN073054,OPEN,COMPLAINT,small,-87.618281,41.83178,CONSERVATION
FAILED,CN104035,OPEN,COMPLAINT,small,-87.620398,41.770745,CONSERVATION
PASSED,CN046013,COMPLIED,COMPLAINT,small,-87.772628,41.914387,CONSERVATION
FAILED,NC2022,OPEN,COMPLAINT,small,-87.735459,41.932858,NEW CONSTRUCTION
FAILED,EL0066,OPEN,COMPLAINT,small,-87.74783,41.894878,SPECIAL TASK FORCE
PASSED,EL0084,COMPLIED,PERMIT,small,-87.712471,41.894213,ELECTRICAL
FAILED,CN190019,OPEN,COMPLAINT,small,-87.633005,41.901886,CONSERVATION
PASSED,CN061024,COMPLIED,COMPLAINT,small,-87.666059,41.798258,CONSERVATION
FAILED,CN190019,OPEN,COMPLAINT,small,-87.698051,41.809267,CONSERVATION
FAILED,EL0019,OPEN,COMPLAINT,small,-87.665129,41.750222,CONSERVATION
FAILED,PL159017,OPEN,COMPLAINT,small,-87.608214,41.699298,SPECIAL TASK FORCE
FAILED,CN105055,OPEN,COMPLAINT,small,-87.66458,41.753381,CONSERVATION
FAILED,CN196029,OPEN,COMPLAINT,small,-87.656555,41.952757,CONSERVATION
PASSED,VT1010,COMPLIED,PERMIT,small,-87.75469,41.921358,VENTILATION
PASSED,EV1110,COMPLIED,PERMIT,small,-87.62909,41.884593,ELEVATOR
PASSED,VT1010,OPEN,PERMIT,small,-87.638876,41.881977,VENTILATION
FAILED,CN197087,OPEN,COMPLAINT,small,-87.69881,41.822813,CONSERVATION
FAILED,CN061014,OPEN,COMPLAINT,small,-87.703672,41.934426,CONSERVATION
FAILED,CN062024,OPEN,COMPLAINT,small,-87.720996,41.856592,CONSERVATION
FAILED,CN105015,OPEN,COMPLAINT,small,-87.767248,41.79037,CONSERVATION
FAILED,CN070024,OPEN,COMPLAINT,small,-87.763605,41.94033,CONSERVATION
FAILED,EL0085,OPEN,COMPLAINT,small,-87.653891,41.857199,SPECIAL TASK FORCE
FAILED,CN063014,OPEN,COMPLAINT,small,-87.701002,41.784372,CONSERVATION
FAILED,CN197019,OPEN,COMPLAINT,small,-87.717592,41.95368,CONSERVATION
FAILED,CN196029,OPEN,COMPLAINT,small,-87.669054,41.83332,CONSERVATION
FAILED,CN070014,OPEN,COMPLAINT,small,-87.614197,41.777453,CONSERVATION
FAILED,CN111085,OPEN,COMPLAINT,small,-87.70705,41.792245,CONSERVATION
FAILED,CN070014,OPEN,PERIODIC,small,-87.680862,41.693054,SPECIAL INSPECTION PROGRAM
FAILED,CN061014,OPEN,COMPLAINT,small,-87.687489,41.877647,CONSERVATION
FAILED,CN062034,OPEN,PERIODIC,small,-87.709271,41.859359,CONSERVATION
FAILED,CN107035,OPEN,PERIODIC,small,-87.625327,41.85167,CONSERVATION
FAILED,CN140056,OPEN,COMPLAINT,small,-87.691957,41.776316,CONSERVATION
FAILED,CN073024,OPEN,COMPLAINT,small,-87.634747,41.790956,CONSERVATION
FAILED,CN070024,OPEN,COMPLAINT,small,-87.714889,41.852941,CONSERVATION
FAILED,CN067014,OPEN,PERIODIC,small,-87.817158,42.003271,CONSERVATION
PASSED,ELSW02,COMPLIED,PERMIT,small,-87.662337,41.795342,ELECTRICAL
FAILED,CN077014,OPEN,COMPLAINT,small,-87.667985,41.971899,CONSERVATION
FAILED,CN070014,OPEN,COMPLAINT,small,-87.726218,41.904683,CONSERVATION
FAILED,CN105015,OPEN,COMPLAINT,small,-87.77186,41.981418,CONSERVATION
FAILED,CN133016,OPEN,PERIODIC,small,-87.681834,41.884018,CONSERVATION
FAILED,CN196029,OPEN,COMPLAINT,small,-87.712604,41.84814,CONSERVATION
FAILED,NC2071,OPEN,COMPLAINT,small,-87.614603,41.651722,SPECIAL TASK FORCE
FAILED,NC2011,OPEN,COMPLAINT,small,-87.763618,41.892447,NEW CONSTRUCTION
FAILED,EV1111,OPEN,PERIODIC,small,-87.665843,42.010455,ELEVATOR
FAILED,CN131016,OPEN,COMPLAINT,small,-87.562065,41.753492,CONSERVATION
FAILED,CN134016,OPEN,COMPLAINT,small,-87.684617,41.997929,CONSERVATION
FAILED,CN196019,OPEN,COMPLAINT,small,-87.714974,41.964634,CONSERVATION
FAILED,CN194049,OPEN,PERIODIC,small,-87.728471,41.917251,SPECIAL INSPECTION PROGRAM
FAILED,CN198019,OPEN,COMPLAINT,small,-87.773198,41.883848,CONSERVATION
FAILED,CN015012,OPEN,COMPLAINT,small,-87.689519,41.809996,CONSERVATION
FAILED,CN074014,OPEN,COMPLAINT,small,-87.730414,41.881878,CONSERVATION
FAILED,CN063014,OPEN,COMPLAINT,small,-87.620762,41.781637,CONSERVATION
FAILED,CN070024,OPEN,COMPLAINT,small,-87.694906,41.742508,CONSERVATION
FAILED,CN105055,OPEN,PERIODIC,small,-87.551469,41.732842,CONSERVATION
FAILED,CN103015,OPEN,COMPLAINT,small,-87.659264,41.745063,CONSERVATION
FAILED,CN062024,OPEN,COMPLAINT,small,-87.684861,41.941424,CONSERVATION
FAILED,CN101015,OPEN,PERIODIC,small,-87.706448,41.81288,CONSERVATION
FAILED,CN190019,OPEN,COMPLAINT,small,-87.750363,41.948712,CONSERVATION
FAILED,CN192019,OPEN,COMPLAINT,small,-87.628417,41.764736,CONSERVATION
PASSED,PL237020,COMPLIED,COMPLAINT,small,-87.577081,41.737146,SPECIAL TASK FORCE
FAILED,CN041063,OPEN,COMPLAINT,small,-87.725188,41.901344,CONSERVATION
FAILED,EL0018,OPEN,COMPLAINT,small,-87.648458,41.833855,ELECTRICAL
FAILED,CN196029,OPEN,COMPLAINT,small,-87.713662,41.916666,CONSERVATION
FAILED,CN190019,OPEN,COMPLAINT,small,-87.765634,41.976671,CONSERVATION
PASSED,BR2080,COMPLIED,PERIODIC,small,-87.723165,41.964035,BOILER
PASSED,ELGB04,COMPLIED,PERMIT,small,-87.689876,41.960285,ELECTRICAL
FAILED,CN015062,OPEN,COMPLAINT,small,-87.60521,41.74508,SPECIAL TASK FORCE
FAILED,NC2011,OPEN,COMPLAINT,small,-87.682559,41.923197,CONSERVATION
FAILED,CN197087,OPEN,COMPLAINT,small,-87.726001,41.857799,CONSERVATION
FAILED,PL151137,OPEN,PERMIT,small,-87.739083,41.970032,WATER
FAILED,RF301031,OPEN,PERIODIC,small,-87.738558,41.778582,REFRIGERATION
FAILED,CN104015,OPEN,COMPLAINT,small,-87.609485,41.760227,CONSERVATION
FAILED,CN077014,OPEN,COMPLAINT,small,-87.755549,41.898692,CONSERVATION
FAILED,CN104015,OPEN,COMPLAINT,small,-87.694089,41.894858,CONSERVATION
FAILED,CN197079,OPEN,PERIODIC,small,-87.715051,41.918795,CONSERVATION
FAILED,CN194029,OPEN,COMPLAINT,small,-87.763716,41.775399,CONSERVATION
FAILED,EL0085,OPEN,PERMIT,small,-87.808212,41.94111,ELECTRICAL
FAILED,NC2021,OPEN,PERIODIC,small,-87.681518,42.015449,CONSERVATION
FAILED,CN196029,OPEN,COMPLAINT,small,-87.689519,41.809996,CONSERVATION
FAILED,CN138106,OPEN,PERIODIC,small,-87.765825,41.945779,CONSERVATION
FAILED,NC2071,OPEN,COMPLAINT,small,-87.813301,41.946123,CONSERVATION
FAILED,CN198019,OPEN,COMPLAINT,small,-87.552899,41.734653,CONSERVATION
FAILED,CN061014,OPEN,COMPLAINT,small,-87.76553,41.894522,CONSERVATION
FAILED,CN041063,OPEN,COMPLAINT,small,-87.707014,41.745668,CONSERVATION
FAILED,CN190019,OPEN,COMPLAINT,small,-87.761908,41.886549,CONSERVATION
FAILED,CN190019,OPEN,COMPLAINT,small,-87.718963,41.789531,SPECIAL TASK FORCE
FAILED,CN071024,OPEN,PERIODIC,small,-87.676015,41.8539,CONSERVATION
FAILED,CN140026,OPEN,PERIODIC,small,-87.725776,41.969206,CONSERVATION
FAILED,CN070024,OPEN,COMPLAINT,small,-87.665457,41.95009,CONSERVATION
FAILED,CN065014,OPEN,COMPLAINT,small,-87.655536,41.778319,CONSERVATION
FAILED,CN065034,OPEN,COMPLAINT,small,-87.659566,41.73027,CONSERVATION
FAILED,CN064014,OPEN,PERIODIC,small,-87.618356,41.690342,CONSERVATION
FAILED,PL237020,OPEN,COMPLAINT,small,-87.701794,41.815736,SPECIAL TASK FORCE
FAILED,CN138106,OPEN,COMPLAINT,small,-87.71671,41.863762,CONSERVATION
FAILED,CN061014,OPEN,COMPLAINT,small,-87.710829,41.78693,CONSERVATION
FAILED,CN061074,OPEN,COMPLAINT,small,-87.563304,41.759773,CONSERVATION
FAILED,PL157027,OPEN,PERIODIC,small,-87.599589,41.775569,CONSERVATION
FAILED,PL157047,OPEN,COMPLAINT,small,-87.657111,41.792386,CONSERVATION
FAILED,CN138106,OPEN,COMPLAINT,small,-87.588078,41.767614,CONSERVATION
FAILED,CN105045,OPEN,COMPLAINT,small,-87.697689,41.882089,CONSERVATION
FAILED,CN074024,OPEN,COMPLAINT,small,-87.734867,41.78008,CONSERVATION
FAILED,CN061014,OPEN,PERIODIC,small,-87.625665,41.853767,SPECIAL INSPECTION PROGRAM
FAILED,VT1010,OPEN,PERMIT,small,-87.669769,41.808668,VENTILATION
FAILED,CN196029,OPEN,COMPLAINT,small,-87.616554,41.696438,CONSERVATION
FAILED,CN107035,OPEN,COMPLAINT,small,-87.647245,41.794394,CONSERVATION
FAILED,EL0085,OPEN,COMPLAINT,small,-87.607724,41.652811,SPECIAL TASK FORCE
FAILED,EV1210,OPEN,COMPLAINT,small,-87.623961,41.897741,ELEVATOR
FAILED,EV1110,OPEN,PERMIT,small,-87.635807,41.879473,ELEVATOR
FAILED,CN061014,OPEN,COMPLAINT,small,-87.641687,41.759701,CONSERVATION
FAILED,CN076044,OPEN,COMPLAINT,small,-87.746668,41.881689,CONSERVATION
FAILED,CN190019,OPEN,COMPLAINT,small,-87.645864,41.768275,CONSERVATION
FAILED,CN065034,OPEN,COMPLAINT,small,-87.658062,41.839527,CONSERVATION
FAILED,EV1111,COMPLIED,PERMIT,small,-87.632801,41.893608,ELEVATOR
FAILED,CN070034,OPEN,COMPLAINT,small,-87.674021,41.909184,CONSERVATION
PASSED,VT1010,COMPLIED,PERMIT,small,-87.66352,41.980292,VENTILATION
FAILED,CN062034,OPEN,COMPLAINT,small,-87.698015,41.940775,CONSERVATION
FAILED,CN197089,OPEN,COMPLAINT,small,-87.725205,41.844356,SPECIAL INSPECTION PROGRAM
FAILED,CN062034,OPEN,COMPLAINT,small,-87.606429,41.756365,CONSERVATION
FAILED,CN190029,OPEN,COMPLAINT,small,-87.651992,41.934377,CONSERVATION
FAILED,NC2021,OPEN,COMPLAINT,small,-87.720825,41.847256,NEW CONSTRUCTION
FAILED,CN138106,OPEN,COMPLAINT,small,-87.688142,41.814594,CONSERVATION
FAILED,CN062024,OPEN,COMPLAINT,small,-87.658486,41.734146,CONSERVATION
FAILED,CN196029,COMPLIED,PERIODIC,small,-87.623586,41.850005,CONSERVATION
PASSED,CN015012,COMPLIED,COMPLAINT,small,-87.621658,41.833212,CONSERVATION
FAILED,CN079014,OPEN,COMPLAINT,small,-87.677361,41.935831,CONSERVATION
FAILED,RF301041,OPEN,PERIODIC,small,-87.684528,41.772334,REFRIGERATION
FAILED,CN021053,OPEN,PERIODIC,small,-87.631017,41.881576,SPECIAL INSPECTION PROGRAM
FAILED,CN061014,OPEN,COMPLAINT,small,-87.736735,41.87615,CONSERVATION
FAILED,CN079014,COMPLIED,COMPLAINT,small,-87.717983,41.964226,CONSERVATION
FAILED,CN135016,OPEN,COMPLAINT,small,-87.657166,41.752585,CONSERVATION
FAILED,CN196029,OPEN,COMPLAINT,small,-87.698064,41.916828,CONSERVATION
FAILED,CN061014,OPEN,COMPLAINT,small,-87.715241,41.862289,CONSERVATION
FAILED,CN104025,OPEN,COMPLAINT,small,-87.67193,41.990978,CONSERVATION
FAILED,CN062024,OPEN,PERIODIC,small,-87.593592,41.801153,CONSERVATION
FAILED,CN197087,OPEN,COMPLAINT,small,-87.724072,41.879672,CONSERVATION
FAILED,CN063014,OPEN,COMPLAINT,large,-87.710639,41.925564,CONSERVATION
FAILED,EV1111,OPEN,PERIODIC,small,-87.656697,41.991071,ELEVATOR
FAILED,NC2071,OPEN,COMPLAINT,small,-87.693268,41.779832,CONSERVATION
FAILED,CN031013,COMPLIED,COMPLAINT,small,-87.74506,41.878572,SPECIAL TASK FORCE
FAILED,CN021053,OPEN,PERIODIC,small,-87.652501,41.837853,SPECIAL INSPECTION PROGRAM
FAILED,CN197019,OPEN,COMPLAINT,small,-87.788974,41.99836,CONSERVATION
PASSED,VT1010,COMPLIED,PERMIT,small,-87.737342,41.899873,VENTILATION
FAILED,CN041063,OPEN,COMPLAINT,small,-87.765811,41.947827,CONSERVATION
FAILED,CN015062,OPEN,COMPLAINT,small,-87.641589,41.791688,SPECIAL TASK FORCE
PASSED,CN065014,COMPLIED,COMPLAINT,small,-87.716753,41.964016,CONSERVATION
FAILED,CN062024,OPEN,PERIODIC,small,-87.717193,41.968848,CONSERVATION
FAILED,CN045013,OPEN,COMPLAINT,small,-87.641523,41.753314,SPECIAL TASK FORCE
FAILED,CN136026,OPEN,COMPLAINT,small,-87.558992,41.745381,CONSERVATION
FAILED,EV1111,OPEN,PERMIT,small,-87.643048,41.720695,ELEVATOR
FAILED,CN073014,OPEN,COMPLAINT,small,-87.613305,41.695557,CONSERVATION
FAILED,CN138106,OPEN,COMPLAINT,small,-87.720234,41.865145,CONSERVATION
FAILED,CN070024,OPEN,COMPLAINT,small,-87.649526,41.800506,CONSERVATION
FAILED,CN105055,OPEN,COMPLAINT,small,-87.549701,41.729207,CONSERVATION
FAILED,EL0085,OPEN,COMPLAINT,small,-87.610476,41.7616,SPECIAL TASK FORCE
FAILED,EV1111,COMPLIED,PERIODIC,small,-87.665171,42.007574,ELEVATOR
FAILED,CN061014,OPEN,COMPLAINT,small,-87.716591,41.859616,SPECIAL TASK FORCE
PASSED,EL0091,COMPLIED,COMPLAINT,small,-87.59563,41.763078,ELECTRICAL
FAILED,CN079014,OPEN,COMPLAINT,small,-87.72983,41.807076,CONSERVATION
FAILED,CN077014,OPEN,COMPLAINT,small,-87.63433,41.671271,CONSERVATION
FAILED,CN107035,OPEN,COMPLAINT,small,-87.66243,41.920044,SPECIAL INSPECTION PROGRAM
FAILED,CN104015,OPEN,COMPLAINT,small,-87.759547,41.894789,SPECIAL TASK FORCE
FAILED,EV1110,OPEN,PERMIT,small,-87.694631,41.998022,ELEVATOR
FAILED,CN015062,OPEN,COMPLAINT,small,-87.734294,41.925335,CONSERVATION
PASSED,EV1110,COMPLIED,PERMIT,large,-87.625842,41.885838,ELEVATOR
FAILED,CN138056,OPEN,PERIODIC,small,-87.597665,41.817335,CONSERVATION
FAILED,EV1110,OPEN,PERMIT,small,-87.620534,41.853651,ELEVATOR
FAILED,CN132016,COMPLIED,COMPLAINT,small,-87.778457,41.967486,CONSERVATION
FAILED,PL194029,OPEN,COMPLAINT,small,-87.798718,41.938224,SPECIAL TASK FORCE
FAILED,CN197019,OPEN,COMPLAINT,small,-87.665089,41.85861,CONSERVATION
FAILED,EV1111,OPEN,PERIODIC,small,-87.625829,41.86111,ELEVATOR
FAILED,CN070024,OPEN,PERIODIC,small,-87.690558,42.009396,CONSERVATION
FAILED,CN012022,OPEN,COMPLAINT,small,-87.664084,41.779899,CONSERVATION
PASSED,EV1111,COMPLIED,PERIODIC,small,-87.624703,41.825783,ELEVATOR
PASSED,EV1110,OPEN,PERMIT,small,-87.620534,41.853651,ELEVATOR
FAILED,PL169017,OPEN,COMPLAINT,small,-87.61868,41.703233,CONSERVATION
FAILED,CN190019,OPEN,PERIODIC,small,-87.67064,41.946859,CONSERVATION
FAILED,EV1110,OPEN,PERMIT,small,-87.678433,41.877357,ELEVATOR
FAILED,CN074014,OPEN,COMPLAINT,small,-87.670077,41.766403,CONSERVATION
FAILED,VT1010,OPEN,COMPLAINT,small,-87.655785,41.953603,VENTILATION
FAILED,CN063014,OPEN,COMPLAINT,small,-87.671944,42.010347,CONSERVATION
FAILED,EL0028,OPEN,COMPLAINT,small,-87.628908,41.903828,SPECIAL TASK FORCE
PASSED,VT1010,COMPLIED,PERMIT,small,-87.593322,41.810596,VENTILATION
FAILED,EV1110,OPEN,PERIODIC,small,-87.694631,41.998022,ELEVATOR
FAILED,CN197087,OPEN,COMPLAINT,small,-87.725853,41.806729,CONSERVATION
FAILED,CN104015,OPEN,COMPLAINT,small,-87.538766,41.719805,SPECIAL TASK FORCE
FAILED,CN014012,COMPLIED,COMPLAINT,small,-87.725879,41.941306,CONSERVATION
FAILED,CN076054,OPEN,COMPLAINT,small,-87.746535,41.883007,CONSERVATION
FAILED,CN138026,OPEN,COMPLAINT,small,-87.652245,41.780689,CONSERVATION
FAILED,PL162017,OPEN,COMPLAINT,small,-87.642897,41.77261,SPECIAL TASK FORCE
FAILED,CN063024,OPEN,COMPLAINT,small,-87.719095,41.91079,CONSERVATION
FAILED,VT1010,OPEN,PERMIT,small,-87.699757,41.926234,VENTILATION
FAILED,CN198019,OPEN,COMPLAINT,small,-87.700378,41.847606,CONSERVATION
FAILED,NC2010,OPEN,COMPLAINT,small,-87.546817,41.73149,CONSERVATION
FAILED,CN107035,OPEN,COMPLAINT,small,-87.711131,41.939409,SPECIAL INSPECTION PROGRAM
FAILED,CN190019,OPEN,COMPLAINT,small,-87.678173,41.852249,SPECIAL TASK FORCE
FAILED,CN197087,OPEN,COMPLAINT,small,-87.657754,41.806052,CONSERVATION
FAILED,NC2011,OPEN,COMPLAINT,small,-87.758078,41.891711,CONSERVATION
FAILED,CN197019,OPEN,COMPLAINT,small,-87.695936,41.846552,CONSERVATION
FAILED,CN063044,OPEN,PERIODIC,small,-87.749012,41.953289,CONSERVATION
FAILED,EV1110,COMPLIED,PERMIT,small,-87.601115,41.789542,ELEVATOR
FAILED,CN065014,OPEN,PERIODIC,small,-87.560762,41.764399,CONSERVATION
FAILED,CN196019,OPEN,COMPLAINT,small,-87.700614,41.977524,CONSERVATION
FAILED,PL153017,OPEN,COMPLAINT,small,-87.710486,41.873522,SPECIAL TASK FORCE
FAILED,VT1010,OPEN,PERMIT,small,-87.740794,41.97445,VENTILATION
FAILED,CN063014,OPEN,PERIODIC,small,-87.665677,41.953508,CONSERVATION
FAILED,CN138106,OPEN,COMPLAINT,small,-87.635835,41.767241,CONSERVATION
FAILED,CN194039,OPEN,COMPLAINT,small,-87.706853,41.998598,CONSERVATION
FAILED,CN131016,OPEN,PERIODIC,small,-87.730043,41.7549,CONSERVATION
FAILED,CN021032,OPEN,COMPLAINT,small,-87.644155,41.931408,CONSERVATION
FAILED,CN190029,OPEN,PERIODIC,small,-87.649267,41.944877,CONSERVATION
FAILED,CN190019,OPEN,COMPLAINT,small,-87.793622,41.792227,CONSERVATION
FAILED,CN107025,OPEN,PERIODIC,small,-87.657311,41.98378,CONSERVATION
FAILED,199029,OPEN,COMPLAINT,small,-87.643649,41.930553,VENTILATION
FAILED,CN190019,OPEN,COMPLAINT,small,-87.576374,41.720311,CONSERVATION
PASSED,EL0018,COMPLIED,COMPLAINT,small,-87.718676,41.856334,ELECTRICAL
FAILED,PL194039,OPEN,COMPLAINT,small,-87.694634,41.871877,SPECIAL TASK FORCE
FAILED,CN106015,OPEN,COMPLAINT,small,-87.711217,41.959454,CONSERVATION
FAILED,NC2021,OPEN,COMPLAINT,small,-87.699797,41.87295,CONSERVATION
FAILED,CN131026,OPEN,COMPLAINT,small,-87.698927,41.940346,CONSERVATION
FAILED,CN061014,OPEN,COMPLAINT,small,-87.706051,41.931832,CONSERVATION
FAILED,CN039013,OPEN,COMPLAINT,small,-87.643907,41.837966,SPECIAL INSPECTION PROGRAM
FAILED,VT1010,OPEN,PERMIT,small,-87.685298,41.940289,VENTILATION
FAILED,EV1110,COMPLIED,PERMIT,small,-87.64993,41.853301,ELEVATOR
FAILED,CN190019,OPEN,COMPLAINT,small,-87.607629,41.808467,CONSERVATION
FAILED,CN138056,OPEN,COMPLAINT,small,-87.687294,41.780921,CONSERVATION
FAILED,EV1110,COMPLIED,PERMIT,small,-87.650112,41.951299,ELEVATOR
FAILED,NC2011,OPEN,COMPLAINT,small,-87.670688,41.907456,CONSERVATION
FAILED,CN198019,OPEN,COMPLAINT,small,-87.686565,41.870356,CONSERVATION
FAILED,CN138056,OPEN,COMPLAINT,small,-87.56271,41.750011,CONSERVATION
FAILED,NC2022,OPEN,COMPLAINT,small,-87.724333,41.929883,NEW CONSTRUCTION
FAILED,CN104035,OPEN,COMPLAINT,small,-87.577092,41.753038,CONSERVATION
FAILED,CN073024,OPEN,PERIODIC,small,-87.763629,41.89273,CONSERVATION
FAILED,EL0019,OPEN,COMPLAINT,small,-87.609754,41.78151,ELECTRICAL
FAILED,EL0019,OPEN,PERIODIC,small,-87.682609,41.88413,CONSERVATION
PASSED,PL151137,COMPLIED,PERMIT,small,-87.698692,41.742873,PLUMBING
FAILED,CN105035,OPEN,COMPLAINT,small,-87.633163,41.681658,CONSERVATION
PASSED,EL0084,COMPLIED,PERMIT,small,-87.689835,41.933714,ELECTRICAL
FAILED,CN073044,OPEN,COMPLAINT,small,-87.695931,41.773496,CONSERVATION
FAILED,NC5042,OPEN,PERIODIC,small,-87.645599,41.933474,CONSERVATION
FAILED,PL159057,OPEN,COMPLAINT,small,-87.630215,41.684632,CONSERVATION
FAILED,PL159027,OPEN,COMPLAINT,small,-87.61361,41.658257,CONSERVATION
PASSED,CN194039,COMPLIED,COMPLAINT,small,-87.749087,41.974079,CONSERVATION
FAILED,CN073014,OPEN,COMPLAINT,small,-87.686629,41.810113,CONSERVATION
FAILED,EV1110,COMPLIED,PERIODIC,small,-87.56849,41.773447,ELEVATOR
FAILED,CN065034,OPEN,PERIODIC,small,-87.662754,41.730209,CONSERVATION
FAILED,EV1111,OPEN,PERIODIC,small,-87.656599,41.987847,ELEVATOR
FAILED,CN138106,OPEN,COMPLAINT,small,-87.715075,41.948565,CONSERVATION
FAILED,CN131026,OPEN,PERIODIC,small,-87.725003,41.936776,CONSERVATION
FAILED,CN101025,OPEN,COMPLAINT,small,-87.640539,41.677223,SPECIAL TASK FORCE
FAILED,CN190019,OPEN,COMPLAINT,small,-87.660189,41.74687,CONSERVATION
FAILED,CN065014,OPEN,COMPLAINT,small,-87.644463,41.772966,CONSERVATION
FAILED,EL0019,OPEN,COMPLAINT,small,-87.711376,41.880805,SPECIAL TASK FORCE
FAILED,CN190019,OPEN,COMPLAINT,large,-87.667704,41.836334,CONSERVATION
FAILED,EL0019,OPEN,COMPLAINT,small,-87.657681,41.767873,CONSERVATION
FAILED,EL0029,OPEN,COMPLAINT,small,-87.646646,41.798692,CONSERVATION
FAILED,EV1110,COMPLIED,PERMIT,small,-87.656818,41.948894,ELEVATOR
FAILED,CN101015,OPEN,COMPLAINT,small,-87.645877,41.76919,CONSERVATION
FAILED,CN190019,OPEN,COMPLAINT,small,-87.756256,41.874037,CONSERVATION
FAILED,EV1110,OPEN,PERMIT,small,-87.632777,41.903975,ELEVATOR
FAILED,CN104015,OPEN,PERIODIC,small,-87.660885,41.994658,CONSERVATION
PASSED,EL0095,COMPLIED,COMPLAINT,small,-87.583086,41.762333,ELECTRICAL
PASSED,EL0085,OPEN,PERMIT,small,-87.804042,41.916704,ELECTRICAL
FAILED,CN198019,OPEN,COMPLAINT,small,-87.673292,41.853019,CONSERVATION
FAILED,CN196029,OPEN,COMPLAINT,small,-87.710989,41.927557,CONSERVATION
FAILED,NC2071,OPEN,COMPLAINT,small,-87.713053,41.953964,CONSERVATION
FAILED,CN079014,OPEN,COMPLAINT,small,-87.619413,41.695727,CONSERVATION
FAILED,CN190019,OPEN,COMPLAINT,small,-87.625362,41.681258,CONSERVATION
FAILED,CN073014,OPEN,COMPLAINT,small,-87.717998,41.912666,CONSERVATION
FAILED,CN196019,OPEN,COMPLAINT,small,-87.562783,41.753852,CONSERVATION
FAILED,CN103015,OPEN,COMPLAINT,small,-87.662372,41.80815,CONSERVATION
FAILED,CN070014,OPEN,COMPLAINT,small,-87.708073,41.860113,CONSERVATION
FAILED,CN136016,OPEN,COMPLAINT,small,-87.697496,41.89939,CONSERVATION
FAILED,CN190019,OPEN,PERIODIC,small,-87.625427,41.789653,SPECIAL INSPECTION PROGRAM
FAILED,EL0085,OPEN,COMPLAINT,small,-87.675976,41.80568,SPECIAL TASK FORCE
FAILED,CN101015,OPEN,COMPLAINT,small,-87.616922,41.81598,CONSERVATION
FAILED,PL157047,OPEN,COMPLAINT,small,-87.664402,41.792639,CONSERVATION
PASSED,EL0016,COMPLIED,COMPLAINT,small,-87.681521,41.853801,ELECTRICAL
FAILED,CN061014,OPEN,COMPLAINT,small,-87.615814,41.781866,CONSERVATION
FAILED,CN079014,OPEN,COMPLAINT,small,-87.668186,41.830581,CONSERVATION
FAILED,CN196029,OPEN,COMPLAINT,small,-87.673798,41.767421,CONSERVATION
FAILED,CN103025,OPEN,COMPLAINT,small,-87.554017,41.735956,SPECIAL TASK FORCE
FAILED,CN070014,OPEN,PERIODIC,small,-87.679195,41.903046,CONSERVATION
FAILED,CN198019,OPEN,COMPLAINT,small,-87.596507,41.750376,CONSERVATION
FAILED,CN064014,OPEN,COMPLAINT,small,-87.646048,41.775831,CONSERVATION
FAILED,CN065014,OPEN,COMPLAINT,small,-87.733321,41.943348,CONSERVATION
FAILED,CN111015,OPEN,COMPLAINT,small,-87.642897,41.77261,SPECIAL TASK FORCE
FAILED,CN190019,OPEN,COMPLAINT,small,-87.712225,41.845188,CONSERVATION
PASSED,EV1111,COMPLIED,PERMIT,small,-87.630795,41.886708,ELEVATOR
FAILED,EV1110,OPEN,PERIODIC,small,-87.643734,41.852641,ELEVATOR
PASSED,EV1111,COMPLIED,PERMIT,small,-87.914428,42.008536,ELEVATOR
FAILED,CN138066,OPEN,COMPLAINT,small,-87.613525,41.657642,CONSERVATION
FAILED,CN138056,OPEN,COMPLAINT,small,-87.706989,41.904481,CONSERVATION
FAILED,EL0020,OPEN,COMPLAINT,small,-87.656902,41.727822,CONSERVATION
FAILED,RF301041,OPEN,PERIODIC,small,-87.590445,41.784094,REFRIGERATION
FAILED,CN138066,OPEN,COMPLAINT,small,-87.641188,41.742509,CONSERVATION
FAILED,CN103035,OPEN,COMPLAINT,small,-87.617871,41.804047,SPECIAL TASK FORCE
FAILED,CN196029,OPEN,COMPLAINT,small,-87.552208,41.715296,CONSERVATION
FAILED,EL0096,OPEN,COMPLAINT,small,-87.553038,41.75148,SIGNS
FAILED,CN198019,COMPLIED,COMPLAINT,small,-87.771543,41.880081,SPECIAL TASK FORCE
FAILED,CN061014,COMPLIED,COMPLAINT,small,-87.715141,41.870957,CONSERVATION
FAILED,CN197079,OPEN,COMPLAINT,small,-87.608683,41.731917,CONSERVATION
PASSED,VT1010,COMPLIED,PERMIT,small,-87.679278,41.903264,VENTILATION
FAILED,EV1110,OPEN,PERMIT,small,-87.622194,41.852998,ELEVATOR
FAILED,EV1110,OPEN,PERMIT,small,-87.625202,41.90439,ELEVATOR
FAILED,NC2071,OPEN,COMPLAINT,small,-87.729171,41.917964,CONSERVATION
FAILED,CN065034,OPEN,COMPLAINT,small,-87.830786,41.942678,CONSERVATION
FAILED,CN041063,OPEN,COMPLAINT,small,-87.627031,41.786379,CONSERVATION
PASSED,EV1111,COMPLIED,PERIODIC,small,-87.777478,41.920791,ELEVATOR
FAILED,CN190029,OPEN,COMPLAINT,small,-87.691508,41.932249,CONSERVATION
FAILED,EV1111,OPEN,PERMIT,small,-87.648229,41.885542,ELEVATOR
FAILED,CN070024,OPEN,COMPLAINT,small,-87.712653,41.860003,CONSERVATION
FAILED,CN190019,OPEN,COMPLAINT,small,-87.811886,41.945061,CONSERVATION
FAILED,CN065034,OPEN,COMPLAINT,small,-87.712129,41.981105,CONSERVATION
FAILED,CN076034,OPEN,COMPLAINT,small,-87.555165,41.751395,CONSERVATION
FAILED,CN073014,OPEN,COMPLAINT,small,-87.671004,41.812562,CONSERVATION
FAILED,CN190019,OPEN,COMPLAINT,small,-87.690233,41.933064,CONSERVATION
FAILED,CN063014,OPEN,COMPLAINT,small,-87.754657,41.947749,CONSERVATION
FAILED,CN073014,OPEN,COMPLAINT,small,-87.652381,41.947167,CONSERVATION
FAILED,CN138106,OPEN,COMPLAINT,small,-87.688472,41.877635,CONSERVATION
FAILED,CN074024,OPEN,COMPLAINT,small,-87.535428,41.716699,CONSERVATION
FAILED,CN197087,OPEN,COMPLAINT,small,-87.620486,41.835213,CONSERVATION
FAILED,CN190019,OPEN,COMPLAINT,small,-87.660864,41.796619,CONSERVATION
FAILED,CN034023,OPEN,COMPLAINT,small,-87.623971,41.865975,CONSERVATION
FAILED,CN079014,OPEN,COMPLAINT,small,-87.614579,41.784443,CONSERVATION
FAILED,CN104015,OPEN,COMPLAINT,small,-87.557105,41.736823,CONSERVATION
FAILED,CN061074,OPEN,COMPLAINT,small,-87.659261,41.724816,CONSERVATION
FAILED,VT1030,OPEN,PERMIT,small,-87.723675,41.852707,VENTILATION
FAILED,CN015012,OPEN,COMPLAINT,small,-87.748078,41.894085,CONSERVATION
FAILED,NC2071,OPEN,COMPLAINT,small,-87.652873,41.769483,CONSERVATION
FAILED,EV1110,OPEN,PERMIT,small,-87.634501,41.885621,ELEVATOR
FAILED,VT1010,OPEN,COMPLAINT,small,-87.622566,41.773015,VENTILATION
FAILED,CN196029,OPEN,COMPLAINT,small,-87.694387,41.809375,CONSERVATION
FAILED,CN190019,OPEN,COMPLAINT,small,-87.659849,41.793002,CONSERVATION
FAILED,CN062024,OPEN,COMPLAINT,small,-87.658829,41.730281,CONSERVATION
FAILED,CN165017,OPEN,COMPLAINT,small,-87.58958,41.795402,CONSERVATION
FAILED,CN190019,OPEN,COMPLAINT,small,-87.620031,41.767988,CONSERVATION
FAILED,VT1030,OPEN,PERMIT,small,-87.569744,41.766414,VENTILATION
FAILED,CN063014,OPEN,PERIODIC,small,-87.576821,41.765955,CONSERVATION
PASSED,EL0084,COMPLIED,PERMIT,small,-87.677178,41.939476,ELECTRICAL
FAILED,CN104035,OPEN,COMPLAINT,small,-87.717706,41.767696,CONSERVATION
FAILED,CN190019,OPEN,COMPLAINT,small,-87.736141,41.907964,CONSERVATION
FAILED,EV1111,OPEN,PERIODIC,small,-87.576314,41.772233,ELEVATOR
FAILED,EL0085,OPEN,COMPLAINT,small,-87.673319,41.808412,SPECIAL TASK FORCE
PASSED,BR1001,COMPLIED,PERIODIC,small,-87.694541,41.918015,BOILER
FAILED,EV1110,COMPLIED,PERMIT,small,-87.63427,41.893658,ELEVATOR
FAILED,CN138056,OPEN,PERIODIC,small,-87.745918,41.893873,CONSERVATION
FAILED,CN067024,OPEN,COMPLAINT,small,-87.756836,41.912207,CONSERVATION
FAILED,CN198019,OPEN,COMPLAINT,small,-87.776916,41.918983,CONSERVATION
FAILED,CN070024,OPEN,COMPLAINT,small,-87.72638,41.916058,CONSERVATION
FAILED,CN074014,OPEN,COMPLAINT,small,-87.729731,41.859971,CONSERVATION
FAILED,CN101015,OPEN,COMPLAINT,small,-87.645789,41.755969,CONSERVATION
FAILED,CN065014,OPEN,COMPLAINT,small,-87.725234,41.866281,CONSERVATION
FAILED,CN101015,OPEN,COMPLAINT,small,-87.633163,41.681658,CONSERVATION
FAILED,CN070014,OPEN,COMPLAINT,small,-87.67354,41.77095,CONSERVATION
FAILED,CN070024,OPEN,COMPLAINT,small,-87.644884,41.775655,CONSERVATION
FAILED,CN061014,OPEN,COMPLAINT,small,-87.636078,41.679434,CONSERVATION
PASSED,BR2080,COMPLIED,PERIODIC,small,-87.783552,41.935632,BOILER
FAILED,NC2022,OPEN,COMPLAINT,small,-87.589228,41.746979,NEW CONSTRUCTION
FAILED,CN070024,OPEN,COMPLAINT,small,-87.733188,41.875281,CONSERVATION
FAILED,CN131026,OPEN,COMPLAINT,small,-87.648209,41.765349,CONSERVATION
FAILED,CN070024,OPEN,COMPLAINT,small,-87.613198,41.741747,CONSERVATION
PASSED,EL0085,OPEN,PERMIT,small,-87.747781,41.933452,ELECTRICAL
FAILED,CN140016,OPEN,PERIODIC,small,-87.60152,41.743467,CONSERVATION
FAILED,CN197079,OPEN,PERIODIC,small,-87.665582,41.744774,CONSERVATION
FAILED,CN140046,OPEN,COMPLAINT,small,-87.705318,41.814936,CONSERVATION
FAILED,CN065034,OPEN,COMPLAINT,small,-87.622431,41.675337,CONSERVATION
FAILED,CN190029,OPEN,PERIODIC,small,-87.664034,41.953022,CONSERVATION
FAILED,CN139016,OPEN,COMPLAINT,small,-87.730452,41.843223,CONSERVATION
FAILED,CN063024,OPEN,PERIODIC,small,-87.69565,41.862729,CONSERVATION
FAILED,CN061014,OPEN,PERIODIC,small,-87.65485,41.706911,CONSERVATION
FAILED,CN012022,OPEN,COMPLAINT,small,-87.649517,41.943443,SPECIAL INSPECTION PROGRAM
FAILED,CN196029,OPEN,COMPLAINT,small,-87.758303,41.873794,CONSERVATION
FAILED,NC2011,OPEN,COMPLAINT,small,-87.739633,41.928733,CONSERVATION
FAILED,CN190019,OPEN,COMPLAINT,small,-87.551279,41.744938,PLUMBING
FAILED,CN190019,OPEN,COMPLAINT,small,-87.654649,41.86956,CONSERVATION
FAILED,EV1111,OPEN,COMPLAINT,small,-87.61157,41.892094,ELEVATOR
PASSED,CN015062,COMPLIED,COMPLAINT,small,-87.666059,41.798258,CONSERVATION
FAILED,CN064014,OPEN,COMPLAINT,small,-87.773644,41.981218,CONSERVATION
FAILED,CN138056,OPEN,COMPLAINT,small,-87.790989,41.909673,CONSERVATION
FAILED,CN061014,OPEN,COMPLAINT,small,-87.774149,41.910323,SPECIAL TASK FORCE
FAILED,CN138056,OPEN,COMPLAINT,small,-87.688671,41.743866,CONSERVATION
FAILED,CN190019,OPEN,COMPLAINT,small,-87.654037,41.942403,CONSERVATION
FAILED,NC5042,OPEN,COMPLAINT,small,-87.596834,41.800814,CONSERVATION
FAILED,CN061014,OPEN,COMPLAINT,small,-87.57213,41.748843,CONSERVATION
FAILED,PL159027,OPEN,COMPLAINT,small,-87.661399,41.806004,SPECIAL TASK FORCE
FAILED,CN065014,OPEN,PERIODIC,small,-87.587879,41.787997,CONSERVATION
FAILED,CN104025,OPEN,COMPLAINT,small,-87.719654,41.88941,CONSERVATION
FAILED,NC3042,OPEN,COMPLAINT,small,-87.71364,41.915393,CONSERVATION
PASSED,PL151137,OPEN,PERMIT,small,-87.624962,41.71105,PLUMBING
FAILED,CN070014,OPEN,COMPLAINT,small,-87.63212,41.850939,SPECIAL INSPECTION PROGRAM
FAILED,CN077014,OPEN,COMPLAINT,small,-87.675292,41.947014,CONSERVATION
FAILED,EV1110,COMPLIED,PERMIT,small,-87.619109,41.852738,ELEVATOR
FAILED,CN070024,OPEN,COMPLAINT,small,-87.752632,41.884753,CONSERVATION
FAILED,CN061014,OPEN,PERIODIC,small,-87.561425,41.764699,CONSERVATION
FAILED,CN063014,OPEN,COMPLAINT,small,-87.601781,41.778844,CONSERVATION
PASSED,PL151137,COMPLIED,PERMIT,small,-87.74793,41.896044,PLUMBING
FAILED,CN197019,OPEN,COMPLAINT,small,-87.661989,41.78215,CONSERVATION
FAILED,CN061014,OPEN,COMPLAINT,small,-87.720974,41.855864,CONSERVATION
FAILED,CN190020,OPEN,COMPLAINT,small,-87.762893,41.974679,CONSERVATION
FAILED,NC2011,OPEN,COMPLAINT,small,-87.734823,41.880728,CONSERVATION
FAILED,CN198019,OPEN,COMPLAINT,small,-87.584579,41.752605,CONSERVATION
FAILED,CN104055,OPEN,PERIODIC,small,-87.67073,42.004997,CONSERVATION
FAILED,CN133016,OPEN,COMPLAINT,small,-87.557379,41.738469,CONSERVATION
FAILED,CN061014,OPEN,COMPLAINT,small,-87.610456,41.760694,CONSERVATION
FAILED,CN104015,OPEN,COMPLAINT,small,-87.724675,41.89405,SPECIAL TASK FORCE
FAILED,RF301031,OPEN,PERMIT,small,-87.771896,41.794367,REFRIGERATION
PASSED,VT1010,OPEN,PERMIT,small,-87.564031,41.755818,VENTILATION
FAILED,IR0085,OPEN,COMPLAINT,small,-87.65339,41.975417,IRON
FAILED,CN065014,OPEN,COMPLAINT,small,-87.686944,41.975058,CONSERVATION
FAILED,CN196029,OPEN,COMPLAINT,small,-87.587619,41.776853,CONSERVATION
FAILED,CN067024,OPEN,COMPLAINT,small,-87.691508,41.932249,CONSERVATION
FAILED,CN079014,OPEN,COMPLAINT,small,-87.664766,41.760325,CONSERVATION
PASSED,BR2010,COMPLIED,PERIODIC,small,-87.704988,41.889287,BOILER
FAILED,CN031013,OPEN,COMPLAINT,small,-87.66291,41.735409,CONSERVATION
FAILED,CN065014,OPEN,COMPLAINT,small,-87.583765,41.763938,CONSERVATION
FAILED,CN196029,OPEN,COMPLAINT,small,-87.729986,41.914343,CONSERVATION
FAILED,CN104035,OPEN,COMPLAINT,small,-87.687201,41.78077,CONSERVATION
FAILED,CN065034,OPEN,COMPLAINT,small,-87.687358,41.920518,CONSERVATION
FAILED,RF301041,OPEN,PERIODIC,small,-87.716676,41.902169,REFRIGERATION
FAILED,CN190019,OPEN,COMPLAINT,small,-87.777798,41.776035,CONSERVATION
FAILED,CN063014,OPEN,COMPLAINT,small,-87.705646,41.882007,CONSERVATION
FAILED,CN105015,OPEN,COMPLAINT,small,-87.545932,41.735186,CONSERVATION
FAILED,CN067014,OPEN,COMPLAINT,small,-87.623516,41.768188,CONSERVATION
FAILED,PL151137,OPEN,PERMIT,small,-87.666568,41.782441,PLUMBING
FAILED,CN065034,OPEN,COMPLAINT,small,-87.703402,41.74753,CONSERVATION
FAILED,EV1110,COMPLIED,PERMIT,small,-87.723993,41.881969,ELEVATOR
FAILED,CN104075,OPEN,COMPLAINT,small,-87.652411,41.834183,CONSERVATION
FAILED,CN104035,OPEN,COMPLAINT,small,-87.652411,41.834183,CONSERVATION
FAILED,CN061014,OPEN,COMPLAINT,small,-87.698051,41.809267,CONSERVATION
FAILED,CN104075,OPEN,PERIODIC,small,-87.731492,41.962315,CONSERVATION
FAILED,CN138106,OPEN,COMPLAINT,small,-87.5821,41.758153,CONSERVATION
FAILED,CN065014,OPEN,PERIODIC,small,-87.583729,41.769834,CONSERVATION
FAILED,CN197019,OPEN,COMPLAINT,small,-87.548817,41.736869,CONSERVATION
FAILED,CN104015,OPEN,COMPLAINT,small,-87.606257,41.819365,CONSERVATION
FAILED,CN190019,OPEN,COMPLAINT,small,-87.656347,41.840454,CONSERVATION
FAILED,NC3042,COMPLIED,PERIODIC,small,-87.631631,41.678036,SPECIAL INSPECTION PROGRAM
FAILED,NC2021,OPEN,PERIODIC,small,-87.709271,41.859359,CONSERVATION
FAILED,CN104025,OPEN,COMPLAINT,small,-87.730922,41.965962,CONSERVATION
FAILED,CN065034,OPEN,COMPLAINT,small,-87.739947,41.734661,CONSERVATION
FAILED,CN015032,OPEN,COMPLAINT,small,-87.561084,41.742618,CONSERVATION
FAILED,CN079014,OPEN,COMPLAINT,small,-87.603882,41.753897,CONSERVATION
PASSED,VT1010,COMPLIED,PERMIT,small,-87.673273,41.944083,VENTILATION
FAILED,CN135016,OPEN,COMPLAINT,small,-87.666817,41.780594,CONSERVATION
FAILED,CN065014,OPEN,COMPLAINT,small,-87.595426,41.775169,CONSERVATION
FAILED,CN138106,OPEN,COMPLAINT,small,-87.664802,41.807668,CONSERVATION
FAILED,CN061074,OPEN,COMPLAINT,small,-87.731726,41.924315,SPECIAL TASK FORCE
FAILED,CN073014,OPEN,COMPLAINT,small,-87.702314,41.899027,CONSERVATION
FAILED,PL153017,OPEN,COMPLAINT,small,-87.661399,41.806004,SPECIAL TASK FORCE
FAILED,CN197079,OPEN,PERIODIC,small,-87.571581,41.767272,CONSERVATION
FAILED,EV1360,OPEN,COMPLAINT,small,-87.628153,41.887558,ELEVATOR
FAILED,PL233034,OPEN,COMPLAINT,small,-87.73769,41.938844,SPECIAL TASK FORCE
FAILED,CN198019,OPEN,COMPLAINT,small,-87.569093,41.765949,CONSERVATION
FAILED,CN138106,OPEN,COMPLAINT,small,-87.649468,41.836306,CONSERVATION
FAILED,CN196029,OPEN,COMPLAINT,small,-87.688486,41.816346,CONSERVATION
FAILED,CN190019,OPEN,COMPLAINT,small,-87.56467,41.708971,CONSERVATION
FAILED,CN196029,OPEN,PERIODIC,small,-87.66471,41.7469,CONSERVATION
FAILED,EV1110,OPEN,PERMIT,small,-87.652036,41.887122,ELEVATOR
FAILED,CN062024,OPEN,COMPLAINT,small,-87.725843,41.881588,CONSERVATION
FAILED,CN065024,OPEN,COMPLAINT,small,-87.772536,41.9393,CONSERVATION
FAILED,CN190019,OPEN,COMPLAINT,small,-87.720074,41.854512,CONSERVATION
FAILED,CN190019,OPEN,COMPLAINT,small,-87.759783,41.927842,CONSERVATION
FAILED,CN196029,OPEN,COMPLAINT,small,-87.66483,41.797819,CONSERVATION
FAILED,CN106015,OPEN,COMPLAINT,small,-87.682602,41.807392,CONSERVATION
FAILED,CN196029,OPEN,COMPLAINT,small,-87.769591,41.91869,CONSERVATION
FAILED,CN104015,OPEN,COMPLAINT,small,-87.78564,41.933948,CONSERVATION
FAILED,CN198019,OPEN,COMPLAINT,small,-87.68469,42.018634,CONSERVATION
FAILED,CN104015,OPEN,COMPLAINT,small,-87.673278,41.833211,CONSERVATION
FAILED,CN138106,OPEN,COMPLAINT,small,-87.772213,41.885502,CONSERVATION
FAILED,CN104015,OPEN,COMPLAINT,small,-87.767795,41.898262,CONSERVATION
FAILED,RF301031,OPEN,PERIODIC,small,-87.700796,41.895859,REFRIGERATION
FAILED,CN196029,OPEN,PERIODIC,small,-87.651507,41.913888,CONSERVATION
FAILED,CN101015,OPEN,PERIODIC,small,-87.692493,41.828863,SPECIAL INSPECTION PROGRAM
FAILED,199029,COMPLIED,PERIODIC,small,-87.65547,41.987984,ELEVATOR
FAILED,CN197019,COMPLIED,COMPLAINT,small,-87.721597,41.867926,CONSERVATION
FAILED,EV1111,COMPLIED,PERMIT,small,-87.631611,41.904008,ELEVATOR
FAILED,CN074024,OPEN,COMPLAINT,small,-87.653144,41.957635,CONSERVATION
FAILED,CN012022,OPEN,PERIODIC,small,-87.694614,41.902836,CONSERVATION
FAILED,CN131026,OPEN,COMPLAINT,small,-87.682439,42.017832,CONSERVATION
FAILED,CN197079,OPEN,PERIODIC,small,-87.669117,41.707831,CONSERVATION
FAILED,CN194039,OPEN,COMPLAINT,small,-87.752781,41.895058,CONSERVATION
FAILED,CN073044,OPEN,COMPLAINT,small,-87.614421,41.773869,CONSERVATION
FAILED,CN190019,OPEN,COMPLAINT,small,-87.715099,41.909902,CONSERVATION
FAILED,CN073014,OPEN,COMPLAINT,small,-87.577222,41.759351,CONSERVATION
FAILED,CN079014,OPEN,COMPLAINT,small,-87.737566,41.874523,CONSERVATION
FAILED,CN198019,OPEN,COMPLAINT,small,-87.753241,41.893128,CONSERVATION
FAILED,CN106015,OPEN,COMPLAINT,small,-87.61583,41.78257,CONSERVATION
FAILED,CN061014,OPEN,PERIODIC,small,-87.745301,41.88508,SPECIAL INSPECTION PROGRAM
FAILED,CN015062,OPEN,COMPLAINT,small,-87.657112,41.792445,CONSERVATION
FAILED,CN190029,OPEN,PERIODIC,small,-87.647768,41.953835,CONSERVATION
FAILED,EL0091,OPEN,COMPLAINT,small,-87.757732,41.909586,ELECTRICAL
FAILED,NC2021,OPEN,PERIODIC,small,-87.591919,41.799016,CONSERVATION
FAILED,CN067024,OPEN,PERIODIC,small,-87.601944,41.821634,CONSERVATION
FAILED,CN064014,OPEN,COMPLAINT,small,-87.66495,41.936862,CONSERVATION
FAILED,EL0085,OPEN,COMPLAINT,small,-87.554195,41.748518,SPECIAL TASK FORCE
FAILED,CN015012,OPEN,COMPLAINT,small,-87.686629,41.810113,CONSERVATION
FAILED,CN077014,OPEN,COMPLAINT,small,-87.684661,41.811208,CONSERVATION
FAILED,CN031023,OPEN,COMPLAINT,small,-87.560358,41.744428,SPECIAL TASK FORCE
FAILED,CN077024,OPEN,COMPLAINT,small,-87.685609,41.845412,CONSERVATION
FAILED,CN106015,OPEN,COMPLAINT,small,-87.642779,41.773117,SPECIAL TASK FORCE
FAILED,CN197079,OPEN,COMPLAINT,small,-87.697175,41.849948,CONSERVATION
FAILED,PL171017,OPEN,COMPLAINT,small,-87.67314,41.794039,SPECIAL TASK FORCE
FAILED,NC2071,OPEN,COMPLAINT,small,-87.628358,41.749605,CONSERVATION
FAILED,CN106015,OPEN,COMPLAINT,small,-87.611018,41.783423,SPECIAL TASK FORCE
FAILED,CN196029,OPEN,COMPLAINT,small,-87.78667,41.952127,IRON
PASSED,CN063014,COMPLIED,COMPLAINT,small,-87.676787,41.790502,CONSERVATION
FAILED,EL0010,OPEN,COMPLAINT,small,-87.668031,41.780692,CONSERVATION
FAILED,CN041063,OPEN,COMPLAINT,small,-87.649245,41.770042,CONSERVATION
FAILED,CN196029,OPEN,COMPLAINT,small,-87.749157,41.957158,CONSERVATION
FAILED,VT1010,OPEN,PERMIT,small,-87.626299,41.7218,VENTILATION
FAILED,CN061014,OPEN,COMPLAINT,small,-87.619413,41.695727,CONSERVATION
FAILED,CN061014,OPEN,COMPLAINT,small,-87.729693,41.90973,CONSERVATION
FAILED,VT1010,OPEN,COMPLAINT,small,-87.722171,41.841151,VENTILATION
FAILED,CN079014,OPEN,COMPLAINT,small,-87.650908,41.730643,CONSERVATION
FAILED,NC2022,OPEN,COMPLAINT,small,-87.697491,41.964675,NEW CONSTRUCTION
FAILED,CN197019,OPEN,COMPLAINT,small,-87.717998,41.912666,CONSERVATION
PASSED,BR2080,COMPLIED,PERIODIC,small,-87.731384,41.919593,BOILER
FAILED,PL171027,OPEN,COMPLAINT,small,-87.684075,41.789888,SPECIAL TASK FORCE
FAILED,CN077014,OPEN,COMPLAINT,small,-87.667605,41.85423,CONSERVATION
FAILED,CN107035,OPEN,PERIODIC,small,-87.625891,41.863722,CONSERVATION
FAILED,CN064014,OPEN,PERIODIC,small,-87.697255,41.924363,CONSERVATION
FAILED,CN063014,OPEN,COMPLAINT,small,-87.76993,41.798004,CONSERVATION
FAILED,CN198019,OPEN,PERIODIC,small,-87.709192,41.812304,CONSERVATION
FAILED,CN070024,OPEN,COMPLAINT,small,-87.665819,41.800198,CONSERVATION
FAILED,CN196029,OPEN,COMPLAINT,small,-87.690767,41.852768,CONSERVATION
FAILED,NC2011,OPEN,COMPLAINT,small,-87.673079,41.891719,NEW CONSTRUCTION
FAILED,CN135016,OPEN,COMPLAINT,small,-87.651121,41.78429,SPECIAL TASK FORCE
FAILED,CN196029,OPEN,COMPLAINT,small,-87.614172,41.764448,CONSERVATION
FAILED,CN073044,OPEN,COMPLAINT,small,-87.747116,41.942637,CONSERVATION
FAILED,CN138106,OPEN,COMPLAINT,small,-87.710093,41.931225,CONSERVATION
FAILED,CN061014,OPEN,COMPLAINT,small,-87.693088,41.987901,CONSERVATION
FAILED,CN070024,OPEN,COMPLAINT,small,-87.72194,41.875203,CONSERVATION
FAILED,CN061014,OPEN,PERIODIC,small,-87.629842,41.90402,CONSERVATION
FAILED,CN061074,OPEN,COMPLAINT,small,-87.620377,41.678484,CONSERVATION
FAILED,CN105085,OPEN,COMPLAINT,small,-87.589878,41.774108,CONSERVATION
FAILED,PL171027,OPEN,COMPLAINT,small,-87.728895,41.863011,SPECIAL TASK FORCE
FAILED,EL0085,OPEN,COMPLAINT,small,-87.74426,41.808604,SPECIAL TASK FORCE
FAILED,CN190019,OPEN,COMPLAINT,small,-87.709064,41.778061,CONSERVATION
FAILED,CN070024,OPEN,COMPLAINT,small,-87.607612,41.755211,CONSERVATION
FAILED,EL0096,OPEN,COMPLAINT,small,-87.63212,41.850939,SIGNS
FAILED,CN102015,OPEN,PERIODIC,small,-87.653491,41.966284,CONSERVATION
FAILED,CN140016,OPEN,COMPLAINT,small,-87.66475,41.805903,CONSERVATION
FAILED,EL0018,OPEN,COMPLAINT,small,-87.728789,41.878721,ELECTRICAL
FAILED,CN138056,OPEN,COMPLAINT,small,-87.708073,41.860113,CONSERVATION
FAILED,CN101015,OPEN,COMPLAINT,small,-87.748443,41.95808,CONSERVATION
FAILED,CN070024,OPEN,COMPLAINT,small,-87.731077,41.902549,CONSERVATION
FAILED,CN066034,OPEN,COMPLAINT,small,-87.586648,41.805163,CONSERVATION
FAILED,CN061014,OPEN,COMPLAINT,small,-87.637642,41.915124,CONSERVATION
FAILED,NC5042,OPEN,PERIODIC,small,-87.62296,41.855614,CONSERVATION
PASSED,VT1010,COMPLIED,PERMIT,small,-87.693327,41.919251,VENTILATION
FAILED,EV1111,OPEN,PERIODIC,small,-87.745784,41.900564,ELEVATOR
FAILED,CN061014,OPEN,PERIODIC,small,-87.652764,41.913091,CONSERVATION
FAILED,CN196029,OPEN,COMPLAINT,small,-87.624905,41.820675,CONSERVATION
FAILED,CN039013,OPEN,PERIODIC,small,-87.61157,41.892094,SPECIAL INSPECTION PROGRAM
FAILED,CN190019,COMPLIED,COMPLAINT,small,-87.724406,41.935835,CONSERVATION
FAILED,CN015062,OPEN,COMPLAINT,small,-87.565181,41.752511,CONSERVATION
FAILED,RF302021,OPEN,PERIODIC,small,-87.723561,41.924633,REFRIGERATION
FAILED,PL171017,OPEN,COMPLAINT,small,-87.699051,41.896873,PLUMBING
FAILED,NC2011,OPEN,COMPLAINT,small,-87.722122,41.839367,CONSERVATION
FAILED,CN132016,OPEN,COMPLAINT,small,-87.692347,41.780016,CONSERVATION
FAILED,CN062024,OPEN,COMPLAINT,small,-87.754534,41.916975,CONSERVATION
FAILED,CN063014,OPEN,PERIODIC,small,-87.61967,41.76551,CONSERVATION
FAILED,NC2022,OPEN,COMPLAINT,small,-87.675228,41.833967,NEW CONSTRUCTION
FAILED,CN065034,OPEN,PERIODIC,small,-87.661258,41.952909,CONSERVATION
FAILED,CN197087,OPEN,COMPLAINT,small,-87.65735,41.790285,CONSERVATION
FAILED,CN196029,OPEN,COMPLAINT,small,-87.543368,41.654104,CONSERVATION
FAILED,EV1111,OPEN,PERIODIC,small,-87.656599,41.987847,ELEVATOR
FAILED,EL0008,OPEN,COMPLAINT,small,-87.732618,41.899022,ELECTRICAL
FAILED,CN190019,OPEN,PERIODIC,small,-87.563414,41.751878,CONSERVATION
FAILED,VT1010,OPEN,PERMIT,small,-87.631037,41.882434,VENTILATION
FAILED,CN012022,OPEN,COMPLAINT,small,-87.665889,41.802587,SPECIAL TASK FORCE
FAILED,CN190019,OPEN,COMPLAINT,small,-87.711598,41.895963,CONSERVATION
FAILED,CN190019,OPEN,PERIODIC,small,-87.727594,41.948023,CONSERVATION
FAILED,EL0095,OPEN,COMPLAINT,small,-87.543368,41.654104,ELECTRICAL
FAILED,CN067014,OPEN,PERIODIC,small,-87.688375,41.955895,CONSERVATION
FAILED,EL0019,OPEN,COMPLAINT,small,-87.699581,41.787586,ELECTRICAL
FAILED,CN061014,OPEN,COMPLAINT,small,-87.600309,41.745305,SPECIAL TASK FORCE
FAILED,CN070024,OPEN,COMPLAINT,small,-87.603254,41.776208,SPECIAL TASK FORCE
FAILED,EL0085,OPEN,PERMIT,small,-87.808212,41.94111,ELECTRICAL
FAILED,CN190019,OPEN,PERIODIC,small,-87.623583,41.849891,CONSERVATION
FAILED,CN104015,OPEN,PERIODIC,small,-87.716953,41.935034,CONSERVATION
FAILED,EL0027,OPEN,COMPLAINT,small,-87.726052,41.877191,SPECIAL TASK FORCE
FAILED,EV1111,COMPLIED,PERIODIC,small,-87.665171,42.007574,ELEVATOR
FAILED,EL0086,OPEN,COMPLAINT,small,-87.745933,41.894362,SPECIAL TASK FORCE
FAILED,CN063024,OPEN,COMPLAINT,small,-87.798718,41.938224,SPECIAL TASK FORCE
FAILED,CN106015,OPEN,COMPLAINT,small,-87.773392,41.880735,SPECIAL TASK FORCE
FAILED,EL0085,OPEN,COMPLAINT,small,-87.773392,41.880735,SPECIAL TASK FORCE
FAILED,CN138106,OPEN,COMPLAINT,small,-87.732433,41.944184,CONSERVATION
FAILED,CN070014,OPEN,COMPLAINT,small,-87.727882,41.905464,CONSERVATION
FAILED,CN190019,OPEN,COMPLAINT,small,-87.649972,41.740564,CONSERVATION
FAILED,CN104015,OPEN,PERIODIC,small,-87.616549,41.813215,SPECIAL INSPECTION PROGRAM
PASSED,VT1010,COMPLIED,PERMIT,small,-87.705622,41.815161,VENTILATION
FAILED,CN070024,OPEN,COMPLAINT,small,-87.618623,41.70122,SPECIAL TASK FORCE
FAILED,CN070014,OPEN,COMPLAINT,small,-87.721,41.921919,CONSERVATION
FAILED,CN101015,OPEN,PERIODIC,small,-87.604402,41.745695,CONSERVATION
FAILED,NC2011,OPEN,COMPLAINT,small,-87.603793,41.750304,SPECIAL TASK FORCE
FAILED,CN190019,OPEN,COMPLAINT,small,-87.630833,41.764477,CONSERVATION
FAILED,CN196029,OPEN,COMPLAINT,small,-87.602031,41.775939,CONSERVATION
FAILED,CN070024,OPEN,COMPLAINT,small,-87.62975,41.678999,CONSERVATION
FAILED,CN196029,OPEN,COMPLAINT,small,-87.740529,41.77107,CONSERVATION
FAILED,CN065034,OPEN,COMPLAINT,small,-87.72632,41.81159,CONSERVATION
FAILED,CN190029,OPEN,PERIODIC,small,-87.604761,41.800566,CONSERVATION
FAILED,CN197087,OPEN,COMPLAINT,small,-87.802457,41.951187,CONSERVATION
FAILED,PL154027,OPEN,COMPLAINT,small,-87.780029,41.911133,CONSERVATION
FAILED,NC2022,OPEN,COMPLAINT,small,-87.740747,41.803628,NEW CONSTRUCTION
FAILED,CN065014,OPEN,COMPLAINT,small,-87.64625,41.748185,CONSERVATION
PASSED,EV1111,COMPLIED,PERMIT,small,-87.644791,41.889224,ELEVATOR
FAILED,CN062024,OPEN,COMPLAINT,small,-87.643062,41.754371,CONSERVATION
FAILED,CN101025,OPEN,PERIODIC,small,-87.694115,41.90191,CONSERVATION
FAILED,NC2022,OPEN,COMPLAINT,small,-87.640289,41.83619,NEW CONSTRUCTION
FAILED,CN079014,OPEN,COMPLAINT,small,-87.687844,41.870128,CONSERVATION
PASSED,EV1111,COMPLIED,PERMIT,small,-87.647536,41.882563,ELEVATOR
FAILED,CN196029,OPEN,PERIODIC,small,-87.624248,41.860117,CONSERVATION
FAILED,CN061014,OPEN,PERIODIC,small,-87.662757,41.994419,CONSERVATION
FAILED,CN131026,OPEN,COMPLAINT,small,-87.703743,41.847283,CONSERVATION
FAILED,EL0024,OPEN,COMPLAINT,small,-87.623785,41.679237,SPECIAL TASK FORCE
FAILED,NC2011,OPEN,COMPLAINT,small,-87.775218,41.966878,CONSERVATION
FAILED,CN061014,OPEN,PERIODIC,small,-87.610963,41.780979,CONSERVATION
FAILED,RF301031,OPEN,PERIODIC,small,-87.591053,41.775019,REFRIGERATION
FAILED,CN190019,OPEN,COMPLAINT,small,-87.750367,41.893012,CONSERVATION
FAILED,NC2011,OPEN,COMPLAINT,small,-87.72579,41.938171,CONSERVATION
FAILED,CN101015,OPEN,COMPLAINT,small,-87.629775,41.758976,CONSERVATION
FAILED,CN198019,COMPLIED,PERIODIC,small,-87.642006,41.941282,CONSERVATION
FAILED,EL0003,OPEN,COMPLAINT,small,-87.649703,41.779784,SPECIAL TASK FORCE
FAILED,CN131016,OPEN,COMPLAINT,small,-87.620738,41.796235,CONSERVATION
PASSED,EL0085,OPEN,PERMIT,small,-87.611892,41.780905,ELECTRICAL
FAILED,CN074014,OPEN,COMPLAINT,small,-87.578217,41.74871,CONSERVATION
FAILED,VT1010,OPEN,PERMIT,small,-87.694526,41.781353,VENTILATION
FAILED,NC2022,OPEN,COMPLAINT,small,-87.684905,41.820797,NEW CONSTRUCTION
FAILED,CN076044,OPEN,PERIODIC,small,-87.64,41.928289,CONSERVATION
FAILED,CN062034,OPEN,PERIODIC,small,-87.603663,41.805441,CONSERVATION
FAILED,CN063014,OPEN,COMPLAINT,small,-87.657185,41.783809,CONSERVATION
FAILED,CN076044,OPEN,COMPLAINT,small,-87.654696,41.758786,CONSERVATION
FAILED,EV1110,OPEN,PERMIT,small,-87.635165,41.881967,ELEVATOR
FAILED,CN062024,OPEN,COMPLAINT,small,-87.675643,41.950662,CONSERVATION
FAILED,CN196029,OPEN,PERIODIC,small,-87.636549,41.91207,CONSERVATION
FAILED,CN138056,OPEN,PERIODIC,small,-87.610963,41.780979,CONSERVATION
FAILED,CN066034,OPEN,COMPLAINT,small,-87.699825,41.819182,CONSERVATION
FAILED,CN190019,OPEN,COMPLAINT,small,-87.552138,41.655085,SPECIAL TASK FORCE
FAILED,EV1110,COMPLIED,PERMIT,small,-87.593061,41.790994,ELEVATOR
FAILED,EV1111,OPEN,PERIODIC,small,-87.83677,41.975896,ELEVATOR
PASSED,CN062024,COMPLIED,COMPLAINT,small,-87.612723,41.708327,CONSERVATION