INSPECTION_STATUS,VIOLATION_CODE,VIOLATION_STATUS,INSPECTION_CATEGORY,PROPERTY_GROUP,LONGITUDE,LATITUDE,DEPARTMENT_BUREAU
FAILED,CN063014,OPEN,COMPLAINT,small,-87.691078,42.002457,CONSERVATION
FAILED,EL0086,OPEN,COMPLAINT,small,-87.714074,41.956543,SPECIAL TASK FORCE
FAILED,EL0086,OPEN,COMPLAINT,small,-87.633451,41.759317,ELECTRICAL
FAILED,CN197087,OPEN,COMPLAINT,small,-87.795168,41.952655,CONSERVATION
FAILED,CN190019,OPEN,COMPLAINT,small,-87.769105,41.785145,CONSERVATION
FAILED,NC2022,OPEN,COMPLAINT,small,-87.712142,41.842044,NEW CONSTRUCTION
FAILED,CN070014,OPEN,COMPLAINT,small,-87.713576,41.739676,CONSERVATION
FAILED,CN073024,COMPLIED,COMPLAINT,small,-87.727869,41.86917,CONSERVATION
FAILED,NC2022,OPEN,COMPLAINT,small,-87.830633,41.949832,NEW CONSTRUCTION
FAILED,CN070034,OPEN,PERIODIC,small,-87.543687,41.730277,CONSERVATION
FAILED,PL157017,OPEN,COMPLAINT,small,-87.657112,41.792445,SPECIAL TASK FORCE
FAILED,PL237020,OPEN,COMPLAINT,small,-87.726443,41.902468,SPECIAL TASK FORCE
FAILED,VT1010,OPEN,PERMIT,small,-87.65453,41.920956,VENTILATION
FAILED,EL0024,OPEN,COMPLAINT,small,-87.617871,41.804047,SPECIAL TASK FORCE
FAILED,PL194029,OPEN,COMPLAINT,small,-87.731726,41.924315,SPECIAL TASK FORCE
FAILED,CN197079,OPEN,COMPLAINT,small,-87.683636,41.883816,CONSERVATION
FAILED,CN141016,OPEN,COMPLAINT,small,-87.720044,41.940799,CONSERVATION
FAILED,RF302041,OPEN,PERIODIC,small,-87.615206,41.765823,REFRIGERATION
FAILED,CN039013,OPEN,PERIODIC,small,-87.684469,42.010176,SPECIAL INSPECTION PROGRAM
FAILED,NC2011,OPEN,COMPLAINT,large,-87.693688,41.978701,NEW CONSTRUCTION
FAILED,CN197019,OPEN,COMPLAINT,small,-87.682144,41.883801,CONSERVATION
FAILED,RF302091,OPEN,PERIODIC,small,-87.624968,41.772204,REFRIGERATION
FAILED,CN041063,OPEN,COMPLAINT,small,-87.758303,41.873794,CONSERVATION
FAILED,PL153017,OPEN,COMPLAINT,small,-87.696729,41.902821,CONSERVATION
PASSED,VT2040,COMPLIED,PERMIT,small,-87.663309,41.920495,VENTILATION
FAILED,CN073014,OPEN,COMPLAINT,small,-87.693904,41.878259,CONSERVATION
FAILED,CN138056,OPEN,COMPLAINT,small,-87.688134,41.903893,CONSERVATION
FAILED,CN015012,OPEN,COMPLAINT,small,-87.717726,41.896839,CONSERVATION
FAILED,NC2022,OPEN,COMPLAINT,small,-87.588983,41.739856,NEW CONSTRUCTION
FAILED,CN197079,OPEN,COMPLAINT,small,-87.703527,41.797657,CONSERVATION
FAILED,CN079014,OPEN,COMPLAINT,small,-87.723373,41.840491,SPECIAL TASK FORCE
FAILED,EL0096,OPEN,COMPLAINT,small,-87.640926,41.845291,SIGNS
FAILED,EV1111,OPEN,PERIODIC,small,-87.687024,41.929,ELEVATOR
FAILED,CN062024,OPEN,COMPLAINT,small,-87.628821,41.763882,CONSERVATION
FAILED,EL0029,OPEN,COMPLAINT,small,-87.708449,41.931028,CONSERVATION
FAILED,NC2011,OPEN,COMPLAINT,small,-87.767798,41.776232,CONSERVATION
FAILED,EL0086,OPEN,COMPLAINT,small,-87.661399,41.806004,SPECIAL TASK FORCE
FAILED,CN070014,OPEN,COMPLAINT,small,-87.746736,41.883005,CONSERVATION
FAILED,CN190019,OPEN,COMPLAINT,small,-87.564442,41.759979,CONSERVATION
FAILED,CN062024,OPEN,PERIODIC,small,-87.589229,41.799169,CONSERVATION
FAILED,CN198019,OPEN,PERIODIC,small,-87.662196,41.972526,CONSERVATION
FAILED,CN190019,OPEN,COMPLAINT,small,-87.735455,41.884458,CONSERVATION
FAILED,CN077014,OPEN,COMPLAINT,small,-87.7852,41.943953,CONSERVATION
FAILED,CN196029,OPEN,COMPLAINT,small,-87.665649,41.774102,CONSERVATION
FAILED,CN070014,COMPLIED,COMPLAINT,small,-87.746531,41.885277,CONSERVATION
FAILED,CN076044,OPEN,COMPLAINT,small,-87.630148,41.682415,CONSERVATION
FAILED,CN070014,OPEN,COMPLAINT,small,-87.650548,41.728472,SPECIAL TASK FORCE
FAILED,CN061014,OPEN,COMPLAINT,small,-87.574972,41.754488,CONSERVATION
FAILED,CN046013,OPEN,COMPLAINT,small,-87.547841,41.748604,CONSERVATION
FAILED,CN197039,OPEN,COMPLAINT,small,-87.698252,41.815638,CONSERVATION
FAILED,CN106015,OPEN,COMPLAINT,small,-87.736476,41.879523,CONSERVATION
FAILED,CN190019,OPEN,COMPLAINT,small,-87.770813,41.888885,CONSERVATION
FAILED,CN107035,OPEN,PERIODIC,small,-87.689719,41.987522,CONSERVATION
FAILED,CN074014,OPEN,COMPLAINT,small,-87.65443,41.782536,CONSERVATION
FAILED,CN190019,OPEN,COMPLAINT,small,-87.715821,41.842969,CONSERVATION
PASSED,VT1010,OPEN,PERMIT,small,-87.752493,41.920185,VENTILATION
FAILED,CN061014,OPEN,COMPLAINT,small,-87.652893,41.743336,CONSERVATION
PASSED,EV1111,COMPLIED,PERMIT,small,-87.597903,41.790323,ELEVATOR
FAILED,EL0018,OPEN,COMPLAINT,small,-87.774149,41.910323,SPECIAL TASK FORCE
FAILED,CN196029,OPEN,PERIODIC,small,-87.679195,41.903046,CONSERVATION
FAILED,PL170017,OPEN,COMPLAINT,small,-87.739556,41.938818,SPECIAL TASK FORCE
FAILED,CN065014,OPEN,PERIODIC,small,-87.611277,41.784072,CONSERVATION
FAILED,CN062034,OPEN,COMPLAINT,small,-87.642142,41.75622,CONSERVATION
FAILED,EV1110,OPEN,PERMIT,small,-87.627829,41.894991,ELEVATOR
FAILED,CN196029,OPEN,COMPLAINT,small,-87.694312,41.848387,CONSERVATION
FAILED,PL232011,OPEN,COMPLAINT,small,-87.714872,41.912946,SPECIAL TASK FORCE
FAILED,CN138106,OPEN,COMPLAINT,small,-87.715005,41.77593,CONSERVATION
FAILED,CN196029,OPEN,COMPLAINT,small,-87.600275,41.742453,CONSERVATION
FAILED,CN190029,OPEN,PERIODIC,small,-87.690108,41.970812,CONSERVATION
FAILED,CN105025,OPEN,COMPLAINT,small,-87.598972,41.751206,CONSERVATION
FAILED,CN062024,OPEN,COMPLAINT,small,-87.62365,41.769289,CONSERVATION
FAILED,EV1111,OPEN,PERIODIC,small,-87.658457,41.993142,ELEVATOR
FAILED,CN138056,OPEN,COMPLAINT,small,-87.64054,41.77243,CONSERVATION
FAILED,CN197019,OPEN,COMPLAINT,small,-87.724082,41.942886,CONSERVATION
FAILED,CN067024,OPEN,COMPLAINT,small,-87.704282,41.880885,CONSERVATION
FAILED,CN106015,OPEN,PERIODIC,small,-87.765176,41.893025,CONSERVATION
FAILED,CN076014,OPEN,COMPLAINT,small,-87.5468,41.74319,CONSERVATION
FAILED,CN067014,OPEN,COMPLAINT,small,-87.763234,41.885939,CONSERVATION
FAILED,CN070024,OPEN,COMPLAINT,small,-87.653131,41.872594,CONSERVATION
FAILED,CN062024,OPEN,PERIODIC,small,-87.656594,41.858625,CONSERVATION
FAILED,NC2022,OPEN,COMPLAINT,small,-87.672349,41.946058,NEW CONSTRUCTION
FAILED,NC2011,OPEN,COMPLAINT,small,-87.765136,41.966685,CONSERVATION
FAILED,CN063014,OPEN,COMPLAINT,small,-87.652045,41.738261,CONSERVATION
FAILED,CN196029,OPEN,PERIODIC,small,-87.730778,41.882596,CONSERVATION
FAILED,CN015062,OPEN,PERIODIC,small,-87.643746,41.792356,CONSERVATION
FAILED,EL0029,OPEN,COMPLAINT,small,-87.62088,41.69075,SPECIAL TASK FORCE
FAILED,CN102015,OPEN,COMPLAINT,small,-87.698562,41.820798,CONSERVATION
FAILED,VT1010,OPEN,PERMIT,small,-87.652042,41.78422,VENTILATION
FAILED,CN196019,OPEN,COMPLAINT,small,-87.700381,41.901459,CONSERVATION
FAILED,CN104125,OPEN,PERIODIC,small,-87.59921,41.814087,CONSERVATION
FAILED,CEL302,COMPLIED,COMPLAINT,small,-87.671203,41.899539,CONSTRUCTION EQUIPMENT
PASSED,EV1111,COMPLIED,PERIODIC,small,-87.667949,41.879723,ELEVATOR
FAILED,CN070024,OPEN,COMPLAINT,small,-87.769378,41.931343,CONSERVATION
FAILED,CN194029,COMPLIED,COMPLAINT,small,-87.735387,41.874211,SPECIAL TASK FORCE
FAILED,CN070014,OPEN,COMPLAINT,small,-87.689518,41.809934,CONSERVATION
FAILED,EV1110,OPEN,PERMIT,small,-87.624272,41.900802,ELEVATOR
FAILED,CN198019,OPEN,PERIODIC,small,-87.597076,41.747606,CONSERVATION
FAILED,CN061014,COMPLIED,COMPLAINT,small,-87.73101,41.861834,CONSERVATION
PASSED,VT1010,OPEN,PERMIT,small,-87.755132,41.94135,VENTILATION
FAILED,CN196019,OPEN,COMPLAINT,small,-87.623516,41.768188,CONSERVATION
FAILED,CN105055,OPEN,COMPLAINT,small,-87.7617,41.911516,CONSERVATION
FAILED,PL194029,OPEN,COMPLAINT,small,-87.649703,41.779784,SPECIAL TASK FORCE
FAILED,PL157047,OPEN,COMPLAINT,small,-87.580294,41.76258,PLUMBING
FAILED,CN065014,OPEN,PERIODIC,small,-87.663991,41.951449,CONSERVATION
FAILED,CN190019,OPEN,COMPLAINT,small,-87.701364,41.970992,CONSERVATION
PASSED,RF301051,COMPLIED,PERMIT,small,-87.6801,41.910328,REFRIGERATION
FAILED,EV1110,OPEN,PERMIT,small,-87.640565,41.932996,ELEVATOR
FAILED,CN070014,COMPLIED,COMPLAINT,small,-87.697191,41.789333,CONSERVATION
FAILED,CN070014,OPEN,COMPLAINT,small,-87.729228,41.876021,CONSERVATION
FAILED,EL0019,OPEN,COMPLAINT,small,-87.666304,41.752028,ELECTRICAL
FAILED,CN190029,OPEN,COMPLAINT,small,-87.701839,41.95648,CONSERVATION
FAILED,EL0085,OPEN,COMPLAINT,small,-87.67314,41.794039,SPECIAL TASK FORCE
FAILED,CN136016,OPEN,COMPLAINT,small,-87.555167,41.751508,CONSERVATION
FAILED,CN070014,COMPLIED,COMPLAINT,small,-87.670983,42.016921,CONSERVATION
FAILED,199029,COMPLIED,PERIODIC,small,-87.625372,41.890005,VENTILATION
FAILED,CN196029,OPEN,COMPLAINT,small,-87.738258,41.922624,CONSERVATION
PASSED,EV1110,COMPLIED,PERMIT,small,-87.654772,41.972894,ELEVATOR
FAILED,CN041063,OPEN,COMPLAINT,small,-87.598678,41.775999,CONSERVATION
PASSED,EL0066,COMPLIED,COMPLAINT,small,-87.754813,41.947967,ELECTRICAL
PASSED,EV1110,COMPLIED,PERMIT,small,-87.626998,41.855389,ELEVATOR
FAILED,PL157047,OPEN,COMPLAINT,small,-87.633252,41.798657,CONSERVATION
FAILED,NC2022,OPEN,COMPLAINT,small,-87.572091,41.746516,NEW CONSTRUCTION
FAILED,CN061014,OPEN,COMPLAINT,small,-87.728069,41.854253,CONSERVATION
FAILED,CN190019,OPEN,COMPLAINT,small,-87.732971,41.922259,CONSERVATION
FAILED,EL0086,OPEN,PERMIT,small,-87.664847,41.752361,ELECTRICAL
PASSED,VT4010,COMPLIED,COMPLAINT,small,-87.673798,41.96042,VENTILATION
FAILED,CN138086,OPEN,COMPLAINT,small,-87.703621,41.932599,CONSERVATION
FAILED,CN103035,OPEN,COMPLAINT,small,-87.632778,41.851076,CONSERVATION
PASSED,BR1001,COMPLIED,PERIODIC,small,-87.604781,41.740305,BOILER
FAILED,CN061014,OPEN,COMPLAINT,small,-87.717914,41.863084,CONSERVATION
FAILED,NC2071,OPEN,COMPLAINT,small,-87.672338,41.760003,CONSERVATION
FAILED,CN064014,OPEN,COMPLAINT,small,-87.611363,41.760393,CONSERVATION
FAILED,EL0086,OPEN,COMPLAINT,small,-87.610702,41.770919,ELECTRICAL
FAILED,CN198019,OPEN,COMPLAINT,small,-87.689944,41.908354,CONSERVATION
FAILED,CN077014,OPEN,COMPLAINT,small,-87.788974,41.99836,CONSERVATION
FAILED,CN014012,OPEN,COMPLAINT,small,-87.717864,41.960247,CONSERVATION
FAILED,CN031023,OPEN,COMPLAINT,small,-87.628821,41.763882,CONSERVATION
PASSED,EV1111,COMPLIED,PERIODIC,small,-87.624177,41.862045,ELEVATOR
FAILED,CN197087,OPEN,COMPLAINT,small,-87.728068,41.883929,SPECIAL TASK FORCE
FAILED,CN074014,OPEN,COMPLAINT,small,-87.628274,41.690596,CONSERVATION
PASSED,PL151137,OPEN,PERMIT,small,-87.670845,41.853055,PLUMBING
PASSED,VT1010,COMPLIED,PERMIT,small,-87.724092,41.7373,VENTILATION
FAILED,CN073014,OPEN,COMPLAINT,small,-87.598031,41.750154,CONSERVATION
FAILED,CN136026,OPEN,COMPLAINT,small,-87.754926,41.7963,CONSERVATION
PASSED,CN077014,COMPLIED,COMPLAINT,small,-87.664416,41.973463,CONSERVATION
FAILED,EV1110,OPEN,PERMIT,small,-87.655623,41.992946,ELEVATOR
PASSED,BR2080,COMPLIED,PERIODIC,small,-87.708082,41.879741,BOILER
FAILED,CN194029,OPEN,COMPLAINT,small,-87.656367,41.968959,CONSERVATION
FAILED,CN103015,OPEN,COMPLAINT,small,-87.628274,41.690596,CONSERVATION
FAILED,CN190019,OPEN,COMPLAINT,small,-87.731173,41.960082,CONSERVATION
FAILED,CN107035,OPEN,PERIODIC,small,-87.649996,41.853272,CONSERVATION
FAILED,CN069034,OPEN,COMPLAINT,small,-87.601761,41.778021,CONSERVATION
FAILED,VT3013,OPEN,COMPLAINT,small,-87.641885,41.905281,VENTILATION
FAILED,CN197087,OPEN,COMPLAINT,small,-87.643062,41.754371,CONSERVATION
FAILED,CN077014,OPEN,COMPLAINT,small,-87.651846,41.776607,SPECIAL TASK FORCE
FAILED,CN197019,OPEN,COMPLAINT,small,-87.688395,41.80918,CONSERVATION
FAILED,CN063014,OPEN,COMPLAINT,small,-87.740969,41.779842,CONSERVATION
FAILED,CN062034,OPEN,COMPLAINT,small,-87.730187,41.836926,CONSERVATION
FAILED,NC2011,OPEN,COMPLAINT,small,-87.752115,41.95385,CONSERVATION
FAILED,CN063014,OPEN,PERIODIC,small,-87.672535,41.971845,CONSERVATION
PASSED,CN061014,COMPLIED,COMPLAINT,small,-87.61348,41.747916,CONSERVATION
FAILED,CN061024,OPEN,COMPLAINT,small,-87.61433,41.756487,CONSERVATION
PASSED,VT1010,COMPLIED,PERMIT,small,-87.648503,41.900408,VENTILATION
FAILED,EV1111,COMPLIED,PERIODIC,small,-87.699977,42.004896,ELEVATOR
FAILED,NC3052,OPEN,PERIODIC,small,-87.625704,41.855406,CONSERVATION
FAILED,CN015062,OPEN,PERIODIC,small,-87.65485,41.706911,CONSERVATION
FAILED,CN015012,OPEN,COMPLAINT,small,-87.729005,41.778473,SPECIAL INSPECTION PROGRAM
FAILED,CN135016,OPEN,COMPLAINT,small,-87.682254,41.854727,CONSERVATION
FAILED,EL0024,OPEN,COMPLAINT,small,-87.640592,41.838009,ELECTRICAL
FAILED,EV1111,OPEN,PERMIT,small,-87.62315,41.83279,ELEVATOR
FAILED,CN103015,OPEN,COMPLAINT,small,-87.549035,41.747728,CONSERVATION
FAILED,CN106015,OPEN,COMPLAINT,small,-87.613427,41.783725,CONSERVATION
FAILED,CN132046,OPEN,COMPLAINT,small,-87.624686,41.826366,CONSERVATION
FAILED,CN190019,OPEN,COMPLAINT,small,-87.816868,41.951112,CONSERVATION
FAILED,CN074014,OPEN,COMPLAINT,small,-87.710235,41.902687,CONSERVATION
FAILED,CN190019,OPEN,COMPLAINT,small,-87.549483,41.717916,CONSERVATION
FAILED,CN062014,OPEN,COMPLAINT,small,-87.697014,41.86788,CONSERVATION
PASSED,EV1111,COMPLIED,PERMIT,small,-87.654725,41.955685,ELEVATOR
FAILED,CN070014,OPEN,COMPLAINT,small,-87.715712,41.747656,CONSERVATION
FAILED,CN076024,OPEN,COMPLAINT,small,-87.66785,41.785203,CONSERVATION
FAILED,VT8010,OPEN,COMPLAINT,small,-87.632855,41.896562,VENTILATION
FAILED,CN062034,OPEN,COMPLAINT,small,-87.666847,41.9665,CONSERVATION
FAILED,EL0018,OPEN,COMPLAINT,small,-87.661768,41.77367,ELECTRICAL
PASSED,VT1010,OPEN,PERMIT,small,-87.655775,41.895808,VENTILATION
FAILED,CN015062,OPEN,PERIODIC,small,-87.645361,41.945091,CONSERVATION
FAILED,CN132046,OPEN,COMPLAINT,small,-87.724256,41.838817,CONSERVATION
FAILED,CN076054,OPEN,COMPLAINT,small,-87.749074,41.898758,CONSERVATION
FAILED,CN101015,OPEN,PERIODIC,small,-87.572513,41.77338,CONSERVATION
FAILED,NC5062,OPEN,PERIODIC,small,-87.601418,41.789939,CONSERVATION
FAILED,CN190019,OPEN,COMPLAINT,small,-87.545874,41.732883,CONSERVATION
FAILED,CN192019,OPEN,PERIODIC,small,-87.744928,41.875252,CONSERVATION
FAILED,CN196029,OPEN,PERIODIC,small,-87.65485,41.706911,CONSERVATION
FAILED,CN197019,OPEN,COMPLAINT,small,-87.689708,41.816893,CONSERVATION
FAILED,CN066034,OPEN,COMPLAINT,small,-87.601134,41.820798,CONSERVATION
FAILED,CN190019,OPEN,PERIODIC,small,-87.682592,41.995329,CONSERVATION
FAILED,PL157037,OPEN,COMPLAINT,small,-87.552278,41.752993,CONSERVATION
FAILED,CN198019,OPEN,COMPLAINT,small,-87.66112,41.947226,CONSERVATION
FAILED,CN198019,OPEN,PERIODIC,small,-87.670189,42.008078,CONSERVATION
FAILED,CN190019,OPEN,COMPLAINT,small,-87.562662,41.746924,CONSERVATION
FAILED,CN070034,OPEN,COMPLAINT,small,-87.627732,41.908839,CONSERVATION
FAILED,EL0066,OPEN,COMPLAINT,small,-87.725139,41.879877,SPECIAL TASK FORCE
FAILED,NC2011,OPEN,COMPLAINT,small,-87.670205,41.771067,CONSERVATION
PASSED,BR1063,COMPLIED,PERIODIC,small,-87.601765,41.753761,BOILER
FAILED,CN067024,OPEN,COMPLAINT,small,-87.667829,41.948344,CONSERVATION
FAILED,CN190019,OPEN,COMPLAINT,small,-87.715651,41.925667,CONSERVATION
PASSED,EL0085,OPEN,PERMIT,small,-87.772871,41.904503,ELECTRICAL
FAILED,CN196029,OPEN,COMPLAINT,small,-87.709749,41.853443,CONSERVATION
FAILED,EV1110,COMPLIED,PERMIT,small,-87.64993,41.853301,ELEVATOR
FAILED,CN136026,OPEN,COMPLAINT,small,-87.756515,41.951569,CONSERVATION
FAILED,CN131026,OPEN,COMPLAINT,small,-87.779537,41.957885,CONSERVATION
FAILED,CN067024,OPEN,COMPLAINT,small,-87.66007,41.766412,CONSERVATION
PASSED,CN190019,COMPLIED,PERIODIC,small,-87.654693,41.954533,SPECIAL INSPECTION PROGRAM
PASSED,PL151137,COMPLIED,PERMIT,small,-87.667724,41.903234,PLUMBING
FAILED,VT1010,OPEN,PERMIT,small,-87.712204,41.993498,VENTILATION
FAILED,CN061014,OPEN,COMPLAINT,small,-87.568351,41.740553,CONSERVATION
FAILED,CN062024,OPEN,COMPLAINT,small,-87.748388,41.970868,CONSERVATION
FAILED,CN104035,OPEN,COMPLAINT,small,-87.714152,41.895371,CONSERVATION
PASSED,EV1110,COMPLIED,PERMIT,small,-87.629383,41.875569,ELEVATOR
FAILED,CN079014,OPEN,COMPLAINT,small,-87.682609,41.692726,CONSERVATION
FAILED,CN106015,OPEN,COMPLAINT,small,-87.628439,41.718452,CONSERVATION
FAILED,NC9052,OPEN,PERIODIC,small,-87.65436,41.94342,SPECIAL INSPECTION PROGRAM
FAILED,CN196029,OPEN,COMPLAINT,small,-87.651723,41.840493,CONSERVATION
FAILED,CN070014,OPEN,COMPLAINT,small,-87.691957,41.776316,CONSERVATION
PASSED,PL171027,COMPLIED,COMPLAINT,small,-87.580527,41.741858,PLUMBING
FAILED,CN196029,OPEN,PERIODIC,small,-87.543687,41.730277,CONSERVATION
FAILED,NC2011,OPEN,COMPLAINT,small,-87.663891,41.857161,CONSERVATION
FAILED,CN078014,OPEN,PERIODIC,small,-87.615655,41.775495,CONSERVATION
FAILED,CN197019,OPEN,COMPLAINT,small,-87.722074,41.900992,CONSERVATION
FAILED,CN190019,OPEN,COMPLAINT,small,-87.756551,41.930944,CONSERVATION
FAILED,CN190019,OPEN,COMPLAINT,small,-87.672237,41.976686,SPECIAL TASK FORCE
FAILED,CN198019,OPEN,COMPLAINT,small,-87.668936,41.815239,CONSERVATION
FAILED,NC2010,OPEN,COMPLAINT,small,-87.618403,41.691915,CONSERVATION
PASSED,BR2080,COMPLIED,PERIODIC,small,-87.731572,41.743377,BOILER
FAILED,CN136026,OPEN,COMPLAINT,small,-87.757055,41.910202,SPECIAL TASK FORCE
FAILED,CN061034,OPEN,COMPLAINT,small,-87.72609,41.80773,CONSERVATION
FAILED,CN015062,OPEN,PERIODIC,small,-87.628194,41.888735,SPECIAL INSPECTION PROGRAM
FAILED,CN041063,OPEN,COMPLAINT,small,-87.724072,41.879672,CONSERVATION
FAILED,CN190019,OPEN,COMPLAINT,small,-87.60268,41.777749,CONSERVATION
FAILED,CN198019,OPEN,COMPLAINT,small,-87.727398,41.855092,CONSERVATION
FAILED,CN198019,OPEN,PERIODIC,small,-87.604563,41.811585,CONSERVATION
FAILED,CN197087,OPEN,COMPLAINT,small,-87.7852,41.943953,CONSERVATION
FAILED,CN135016,OPEN,COMPLAINT,small,-87.690169,41.735507,CONSERVATION
FAILED,NC3042,OPEN,COMPLAINT,small,-87.651343,41.88423,SPECIAL INSPECTION PROGRAM
FAILED,CN061064,OPEN,COMPLAINT,small,-87.661799,42.00265,CONSERVATION
FAILED,CN021053,OPEN,PERIODIC,small,-87.636524,41.87856,SPECIAL INSPECTION PROGRAM
FAILED,CN067024,OPEN,COMPLAINT,small,-87.679552,41.934239,CONSERVATION
PASSED,CN062024,COMPLIED,COMPLAINT,small,-87.57469,41.754999,CONSERVATION
PASSED,VT1010,COMPLIED,PERMIT,small,-87.749567,41.954759,VENTILATION
FAILED,CN046013,OPEN,COMPLAINT,small,-87.754381,41.947523,CONSERVATION
FAILED,CN196029,OPEN,COMPLAINT,small,-87.682244,41.793938,CONSERVATION
FAILED,CN197079,OPEN,PERIODIC,small,-87.645066,41.941012,CONSERVATION
FAILED,CN197019,OPEN,COMPLAINT,small,-87.625524,41.69885,CONSERVATION
PASSED,EV1110,COMPLIED,PERMIT,small,-87.630842,41.90067,ELEVATOR
FAILED,CN190019,OPEN,COMPLAINT,small,-87.704871,41.988755,CONSERVATION
FAILED,CN015062,OPEN,PERIODIC,small,-87.640214,41.927021,CONSERVATION
FAILED,IR0000,OPEN,COMPLAINT,small,-87.786676,41.952247,IRON
FAILED,PL158017,OPEN,COMPLAINT,small,-87.709784,41.98317,SPECIAL TASK FORCE
FAILED,RF301031,OPEN,PERIODIC,small,-87.752317,41.902177,REFRIGERATION
FAILED,CN073014,OPEN,PERIODIC,small,-87.695517,41.858278,CONSERVATION
FAILED,CN020012,OPEN,COMPLAINT,small,-87.660233,41.807897,CONSERVATION
FAILED,CN070024,OPEN,PERIODIC,small,-87.691334,41.995999,CONSERVATION
FAILED,CN061014,OPEN,COMPLAINT,small,-87.690538,41.997826,CONSERVATION
FAILED,CN073044,OPEN,COMPLAINT,small,-87.732269,41.862964,CONSERVATION
FAILED,NC2011,OPEN,COMPLAINT,small,-87.692771,41.92759,NEW CONSTRUCTION
FAILED,PL171027,OPEN,COMPLAINT,small,-87.628827,41.904093,SPECIAL TASK FORCE
FAILED,CN190019,OPEN,COMPLAINT,small,-87.602887,41.705106,CONSERVATION
FAILED,VT1010,OPEN,PERMIT,small,-87.647304,41.884518,VENTILATION
FAILED,CN131026,OPEN,PERIODIC,small,-87.661155,41.964745,CONSERVATION
FAILED,CN107035,OPEN,PERIODIC,small,-87.572791,41.766359,CONSERVATION
FAILED,NC2011,OPEN,COMPLAINT,small,-87.723529,41.877003,CONSERVATION
FAILED,CN063014,OPEN,PERIODIC,small,-87.581935,41.769636,CONSERVATION
PASSED,BR2080,OPEN,PERIODIC,small,-87.715341,41.868516,BOILER
FAILED,CN190019,OPEN,COMPLAINT,small,-87.641048,41.843466,CONSERVATION
FAILED,CN111095,OPEN,COMPLAINT,small,-87.658062,41.839527,CONSERVATION
FAILED,CN104035,OPEN,COMPLAINT,small,-87.621828,41.675409,CONSERVATION
FAILED,CN197019,OPEN,COMPLAINT,small,-87.701508,41.934334,CONSERVATION
FAILED,NC2011,OPEN,COMPLAINT,small,-87.709064,41.778061,CONSERVATION
FAILED,CN077014,OPEN,COMPLAINT,small,-87.653757,41.792269,CONSERVATION
FAILED,CN197079,OPEN,COMPLAINT,small,-87.547153,41.733457,CONSERVATION
FAILED,PL154027,OPEN,COMPLAINT,small,-87.657932,41.731645,CONSERVATION
FAILED,EL0029,OPEN,PERIODIC,small,-87.762804,41.874643,CONSERVATION
FAILED,CN134036,OPEN,COMPLAINT,small,-87.616797,41.680567,CONSERVATION
FAILED,CN061074,OPEN,COMPLAINT,small,-87.780029,41.911133,CONSERVATION
FAILED,CN101015,OPEN,COMPLAINT,small,-87.644264,41.765114,CONSERVATION
FAILED,CN074014,OPEN,COMPLAINT,small,-87.618356,41.690342,CONSERVATION
FAILED,CN079014,OPEN,COMPLAINT,small,-87.659834,41.935372,CONSERVATION
PASSED,EV1111,COMPLIED,PERMIT,small,-87.606782,41.892292,ELEVATOR
FAILED,CN073014,OPEN,COMPLAINT,small,-87.657272,41.837786,CONSERVATION
FAILED,CN190019,OPEN,COMPLAINT,small,-87.701422,41.799125,CONSERVATION
FAILED,EL0085,OPEN,PERMIT,small,-87.697891,41.823743,ELECTRICAL
FAILED,CN061014,OPEN,COMPLAINT,small,-87.690513,41.812347,CONSERVATION
FAILED,CN069034,OPEN,COMPLAINT,small,-87.582415,41.770106,CONSERVATION
FAILED,CN031013,OPEN,PERIODIC,small,-87.691193,41.995743,CONSERVATION
FAILED,CN074024,OPEN,COMPLAINT,small,-87.67168,41.855092,CONSERVATION
FAILED,CN190019,OPEN,COMPLAINT,small,-87.690356,42.016332,CONSERVATION
FAILED,IR0000,OPEN,COMPLAINT,small,-87.65339,41.975417,IRON
PASSED,CN070024,COMPLIED,COMPLAINT,small,-87.8006,41.999878,CONSERVATION
PASSED,VT1010,COMPLIED,PERMIT,small,-87.692039,41.969573,VENTILATION
FAILED,CN111025,OPEN,COMPLAINT,small,-87.686494,41.964371,CONSERVATION
FAILED,CN197079,OPEN,COMPLAINT,small,-87.721375,41.87521,CONSERVATION
FAILED,CN198019,OPEN,PERIODIC,small,-87.673228,42.020865,CONSERVATION
FAILED,CN061014,OPEN,COMPLAINT,small,-87.729938,41.880784,CONSERVATION
FAILED,EV1111,OPEN,PERMIT,small,-87.620534,41.853651,ELEVATOR
FAILED,CN065014,OPEN,COMPLAINT,small,-87.614093,41.761024,CONSERVATION
FAILED,VT1010,OPEN,COMPLAINT,small,-87.677357,41.948814,VENTILATION
FAILED,PL194039,OPEN,COMPLAINT,small,-87.563574,41.715718,SPECIAL TASK FORCE
FAILED,CN103015,OPEN,COMPLAINT,small,-87.724072,41.879672,CONSERVATION
FAILED,EL0019,OPEN,COMPLAINT,small,-87.641956,41.855993,CONSERVATION
FAILED,CN198019,OPEN,COMPLAINT,small,-87.791423,41.938338,CONSERVATION
FAILED,CN101025,OPEN,COMPLAINT,small,-87.562493,41.754023,CONSERVATION
FAILED,CN104015,OPEN,COMPLAINT,small,-87.552899,41.734653,CONSERVATION
FAILED,CN041063,OPEN,COMPLAINT,small,-87.705483,41.995203,CONSERVATION
FAILED,EV1110,OPEN,PERMIT,small,-87.626647,41.900884,ELEVATOR
FAILED,CN105025,OPEN,COMPLAINT,small,-87.648203,41.765255,CONSERVATION
PASSED,PL151137,OPEN,PERMIT,small,-87.738793,41.870344,WATER
FAILED,CN061014,OPEN,COMPLAINT,small,-87.595149,41.798558,CONSERVATION
FAILED,CN190019,OPEN,COMPLAINT,small,-87.788695,41.78437,CONSERVATION
FAILED,EV1110,COMPLIED,PERMIT,small,-87.628152,41.897411,ELEVATOR
FAILED,CN073044,OPEN,PERIODIC,small,-87.586432,41.771559,CONSERVATION
FAILED,CN190019,OPEN,COMPLAINT,small,-87.731955,41.90247,CONSERVATION
FAILED,CN069014,OPEN,COMPLAINT,small,-87.737277,41.885466,SPECIAL TASK FORCE
FAILED,RF302041,OPEN,PERIODIC,small,-87.673772,41.771966,REFRIGERATION
FAILED,CN104035,OPEN,COMPLAINT,small,-87.68621,41.821563,CONSERVATION
FAILED,PL171017,OPEN,COMPLAINT,small,-87.645755,41.786904,SPECIAL TASK FORCE
FAILED,CN070024,OPEN,COMPLAINT,small,-87.761054,41.974382,CONSERVATION
FAILED,EV1110,OPEN,PERIODIC,small,-87.643758,41.852121,ELEVATOR
FAILED,CN073014,OPEN,COMPLAINT,small,-87.662889,41.781402,CONSERVATION
FAILED,CN196029,OPEN,COMPLAINT,small,-87.701792,41.819144,CONSERVATION
FAILED,CN107035,OPEN,PERIODIC,small,-87.666523,41.876625,SPECIAL INSPECTION PROGRAM
FAILED,CN138056,OPEN,COMPLAINT,small,-87.675545,41.798822,CONSERVATION
FAILED,PL159057,OPEN,COMPLAINT,small,-87.765187,41.887109,SPECIAL TASK FORCE
FAILED,NC2071,OPEN,COMPLAINT,small,-87.68913,41.811889,CONSERVATION
FAILED,CN131026,OPEN,COMPLAINT,small,-87.749936,41.883181,CONSERVATION
FAILED,CN074024,OPEN,PERIODIC,small,-87.694442,41.92309,CONSERVATION
FAILED,CN131016,OPEN,COMPLAINT,small,-87.604507,41.808902,CONSERVATION
FAILED,NC2020,COMPLIED,COMPLAINT,small,-87.785571,41.964317,CONSERVATION
PASSED,PL164047,COMPLIED,COMPLAINT,small,-87.60951,41.770943,PLUMBING
FAILED,CN190019,OPEN,COMPLAINT,small,-87.712454,41.879684,CONSERVATION
FAILED,CN194029,OPEN,PERIODIC,small,-87.699739,41.867321,CONSERVATION
FAILED,CN136026,OPEN,COMPLAINT,small,-87.726821,41.963451,CONSERVATION
FAILED,NC2011,OPEN,COMPLAINT,small,-87.782657,41.953993,CONSERVATION
FAILED,CN104035,COMPLIED,COMPLAINT,small,-87.716713,41.962763,CONSERVATION
FAILED,NC2071,OPEN,COMPLAINT,small,-87.716368,41.892294,SPECIAL TASK FORCE
FAILED,CN076044,OPEN,COMPLAINT,small,-87.652447,41.944592,CONSERVATION
FAILED,CN070024,OPEN,COMPLAINT,small,-87.582718,41.742186,CONSERVATION
FAILED,CN194029,OPEN,COMPLAINT,small,-87.721651,41.871783,CONSERVATION
FAILED,CN190019,OPEN,COMPLAINT,small,-87.719301,41.863724,CONSERVATION
FAILED,CN138056,OPEN,COMPLAINT,small,-87.604748,41.727358,CONSERVATION
FAILED,CN069014,OPEN,COMPLAINT,small,-87.7089,41.846479,CONSERVATION
FAILED,CN015062,OPEN,COMPLAINT,small,-87.657755,41.806108,CONSERVATION
FAILED,CN138106,OPEN,COMPLAINT,small,-87.780393,41.922605,SPECIAL TASK FORCE
FAILED,EL0029,OPEN,COMPLAINT,small,-87.675135,41.852996,CONSERVATION
FAILED,CN065034,OPEN,COMPLAINT,small,-87.575993,41.758787,CONSERVATION
FAILED,CN105085,OPEN,COMPLAINT,small,-87.758402,41.902537,CONSERVATION
FAILED,CN190019,OPEN,COMPLAINT,small,-87.566119,41.753401,CONSERVATION
PASSED,CN076024,COMPLIED,COMPLAINT,small,-87.732298,41.778656,CONSERVATION
FAILED,CN190019,OPEN,COMPLAINT,small,-87.686771,41.764788,CONSERVATION
FAILED,CN104015,OPEN,COMPLAINT,small,-87.7617,41.911516,CONSERVATION
FAILED,PL171017,OPEN,COMPLAINT,small,-87.59009,41.790898,PLUMBING
PASSED,CN132046,COMPLIED,COMPLAINT,small,-87.622085,41.771139,CONSERVATION
FAILED,CN134036,OPEN,COMPLAINT,small,-87.662676,41.794173,SPECIAL INSPECTION PROGRAM
FAILED,CN198019,OPEN,PERIODIC,small,-87.74875,41.954143,CONSERVATION
FAILED,EV1110,OPEN,PERIODIC,small,-87.685429,41.937242,ELEVATOR
FAILED,CN070014,OPEN,COMPLAINT,small,-87.701794,41.815736,SPECIAL TASK FORCE
FAILED,CN015012,OPEN,COMPLAINT,small,-87.563308,41.760732,CONSERVATION
FAILED,CN138056,OPEN,COMPLAINT,small,-87.639184,41.712174,CONSERVATION
PASSED,BR1001,COMPLIED,PERIODIC,small,-87.71335,41.973193,BOILER
FAILED,CN190019,OPEN,COMPLAINT,small,-87.72744,41.73736,CONSERVATION
PASSED,EV1111,COMPLIED,PERMIT,small,-87.670027,41.941877,ELEVATOR
FAILED,CN067014,OPEN,COMPLAINT,small,-87.636918,41.763813,CONSERVATION
FAILED,CN104015,OPEN,COMPLAINT,small,-87.722408,41.887649,CONSERVATION
FAILED,CN064014,OPEN,COMPLAINT,small,-87.645759,41.783263,CONSERVATION
FAILED,CN190019,OPEN,COMPLAINT,small,-87.686876,41.824883,CONSERVATION
FAILED,CN015062,OPEN,COMPLAINT,small,-87.613207,41.692026,CONSERVATION
FAILED,VT1010,OPEN,PERMIT,small,-87.696774,41.904578,VENTILATION
FAILED,CN138066,OPEN,COMPLAINT,small,-87.676242,41.853897,CONSERVATION
FAILED,CN069014,OPEN,COMPLAINT,small,-87.716616,41.917175,CONSERVATION
FAILED,PL157047,OPEN,COMPLAINT,small,-87.646076,41.943778,CONSERVATION
FAILED,CN070024,OPEN,COMPLAINT,small,-87.710989,41.927557,CONSERVATION
FAILED,EV1110,OPEN,PERMIT,small,-87.727105,41.931898,ELEVATOR
PASSED,EV1110,COMPLIED,PERIODIC,small,-87.685657,41.847381,ELEVATOR
FAILED,CN031013,OPEN,PERIODIC,small,-87.58566,41.799463,CONSERVATION
FAILED,CN110025,OPEN,COMPLAINT,small,-87.804031,41.935121,CONSERVATION
PASSED,BR1001,COMPLIED,PERIODIC,small,-87.688651,41.878851,BOILER
FAILED,EL0096,OPEN,COMPLAINT,small,-87.674819,41.967358,SIGNS
FAILED,CN104075,OPEN,PERIODIC,small,-87.749012,41.953289,CONSERVATION
FAILED,CN198019,OPEN,COMPLAINT,small,-87.60518,41.805801,CONSERVATION
PASSED,199029,COMPLIED,COMPLAINT,small,-87.588842,41.73676,VENTILATION
FAILED,CN101025,OPEN,COMPLAINT,small,-87.711355,41.853712,CONSERVATION
FAILED,CN198019,OPEN,COMPLAINT,small,-87.74148,41.936966,CONSERVATION
FAILED,CN138056,OPEN,COMPLAINT,small,-87.678889,41.83327,CONSERVATION
PASSED,VT1010,OPEN,PERMIT,large,-87.610089,41.810307,VENTILATION
FAILED,EL0085,OPEN,COMPLAINT,small,-87.610937,41.779781,SPECIAL TASK FORCE
FAILED,CN101015,OPEN,PERIODIC,small,-87.603437,41.7978,CONSERVATION
FAILED,RF302021,OPEN,PERIODIC,small,-87.632137,41.779849,REFRIGERATION
FAILED,CN074014,OPEN,COMPLAINT,small,-87.71293,41.885353,CONSERVATION
FAILED,PL171027,OPEN,COMPLAINT,small,-87.699051,41.896873,PLUMBING
FAILED,CN196029,OPEN,COMPLAINT,small,-87.729338,41.84654,CONSERVATION
FAILED,CN138106,OPEN,COMPLAINT,small,-87.69922,41.816215,CONSERVATION
FAILED,NC3042,OPEN,COMPLAINT,small,-87.700972,41.867894,CONSERVATION
FAILED,CN103015,OPEN,PERIODIC,small,-87.623948,41.86495,CONSERVATION
FAILED,EL0085,OPEN,COMPLAINT,small,-87.684075,41.789888,SPECIAL TASK FORCE
FAILED,EV1110,OPEN,PERMIT,small,-87.651456,41.830788,ELEVATOR
FAILED,CN062024,OPEN,COMPLAINT,small,-87.646258,41.748468,CONSERVATION
FAILED,CN065014,OPEN,PERIODIC,small,-87.661529,41.984638,CONSERVATION
FAILED,CN107035,OPEN,COMPLAINT,small,-87.676472,41.909597,CONSERVATION
FAILED,EL0066,OPEN,COMPLAINT,small,-87.609791,41.783276,SPECIAL TASK FORCE
FAILED,CN137026,OPEN,COMPLAINT,small,-87.624097,41.80084,CONSERVATION
FAILED,CN190019,OPEN,COMPLAINT,small,-87.609582,41.773844,CONSERVATION
FAILED,CN190019,OPEN,PERIODIC,small,-87.553772,41.729935,CONSERVATION
FAILED,CN079014,OPEN,COMPLAINT,small,-87.690196,41.817544,CONSERVATION
PASSED,VT1010,COMPLIED,PERMIT,small,-87.706095,41.927031,VENTILATION
FAILED,CN197087,OPEN,COMPLAINT,small,-87.772847,41.868024,CONSERVATION
FAILED,CN073024,OPEN,COMPLAINT,large,-87.58434,41.747232,CONSERVATION
FAILED,CN015062,OPEN,PERIODIC,small,-87.576899,41.764217,CONSERVATION
FAILED,CN190019,OPEN,COMPLAINT,small,-87.769922,41.936444,CONSERVATION
FAILED,CN196029,OPEN,COMPLAINT,small,-87.595614,41.812724,CONSERVATION
FAILED,EV1110,OPEN,PERMIT,small,-87.626229,41.878182,ELEVATOR
FAILED,CN039013,OPEN,PERIODIC,small,-87.836434,41.981428,SPECIAL INSPECTION PROGRAM
FAILED,EV1110,OPEN,PERIODIC,small,-87.652617,41.853748,ELEVATOR
FAILED,CN061014,OPEN,COMPLAINT,small,-87.705231,41.946853,CONSERVATION
FAILED,EL0086,OPEN,COMPLAINT,small,-87.677914,41.903289,SPECIAL TASK FORCE
FAILED,CN041063,OPEN,COMPLAINT,small,-87.589372,41.756092,CONSERVATION
FAILED,CN015062,OPEN,COMPLAINT,small,-87.762964,41.91252,CONSERVATION
FAILED,CN061014,OPEN,COMPLAINT,small,-87.661724,41.771683,CONSERVATION
FAILED,CN190019,OPEN,COMPLAINT,small,-87.660883,41.785916,SPECIAL TASK FORCE
FAILED,NC2021,OPEN,COMPLAINT,small,-87.719272,41.906665,CONSERVATION
FAILED,CN061014,OPEN,COMPLAINT,small,-87.761361,41.937623,CONSERVATION
PASSED,EV1110,COMPLIED,COMPLAINT,small,-87.639243,41.935358,ELEVATOR
FAILED,PL157037,OPEN,COMPLAINT,small,-87.712895,41.858226,SPECIAL TASK FORCE
FAILED,CN140026,OPEN,COMPLAINT,small,-87.578172,41.746689,CONSERVATION
FAILED,CN198019,OPEN,COMPLAINT,small,-87.653157,41.780285,CONSERVATION
FAILED,CN190019,OPEN,COMPLAINT,small,-87.735916,41.96477,CONSERVATION
FAILED,CN063024,OPEN,COMPLAINT,small,-87.663072,41.777184,CONSERVATION
FAILED,CN196029,OPEN,COMPLAINT,small,-87.687358,41.920518,CONSERVATION
PASSED,VT1010,OPEN,PERMIT,small,-87.671614,41.974204,VENTILATION
FAILED,CN197019,OPEN,PERIODIC,small,-87.685464,42.019387,CONSERVATION
FAILED,CN107035,OPEN,PERIODIC,small,-87.707787,41.778787,SPECIAL INSPECTION PROGRAM
FAILED,CN190019,COMPLIED,COMPLAINT,small,-87.623837,41.68088,CONSERVATION
FAILED,CN065034,OPEN,COMPLAINT,small,-87.820526,41.942911,CONSERVATION
FAILED,CN104015,OPEN,COMPLAINT,small,-87.74187,41.883279,CONSERVATION
FAILED,CN190029,OPEN,COMPLAINT,small,-87.69927,41.990966,CONSERVATION
FAILED,EL0066,OPEN,COMPLAINT,small,-87.560358,41.744428,SPECIAL TASK FORCE
FAILED,EV1111,COMPLIED,PERIODIC,small,-87.745784,41.900564,ELEVATOR
FAILED,CN196029,OPEN,PERIODIC,small,-87.700024,41.93927,CONSERVATION
FAILED,CN196029,OPEN,COMPLAINT,small,-87.655392,41.9624,CONSERVATION
FAILED,CN070024,OPEN,COMPLAINT,small,-87.603781,41.811013,CONSERVATION
FAILED,CN198019,OPEN,PERIODIC,small,-87.643141,41.793871,CONSERVATION
FAILED,CN190029,OPEN,PERIODIC,small,-87.713252,41.969625,CONSERVATION
FAILED,CN106015,OPEN,COMPLAINT,small,-87.720797,41.878084,CONSERVATION
FAILED,CN197087,OPEN,COMPLAINT,small,-87.728729,41.847046,CONSERVATION
FAILED,RF301041,OPEN,PERIODIC,small,-87.604809,41.758482,REFRIGERATION
FAILED,EV1111,OPEN,PERMIT,small,-87.648229,41.885542,ELEVATOR
FAILED,PL151037,OPEN,COMPLAINT,small,-87.637874,41.777925,CONSERVATION
FAILED,CN103015,OPEN,PERIODIC,small,-87.60032,41.745757,CONSERVATION
FAILED,CN070014,OPEN,PERIODIC,small,-87.624217,41.805713,SPECIAL INSPECTION PROGRAM
FAILED,CN063034,OPEN,COMPLAINT,small,-87.66931,41.829913,CONSERVATION
PASSED,CN079014,COMPLIED,COMPLAINT,small,-87.658254,41.77811,CONSERVATION
FAILED,CN197019,OPEN,COMPLAINT,small,-87.712938,41.763236,CONSERVATION
FAILED,CN076044,OPEN,PERIODIC,small,-87.627227,41.865171,CONSERVATION
FAILED,CN062014,OPEN,COMPLAINT,small,-87.718964,41.920112,CONSERVATION
FAILED,CN131016,OPEN,COMPLAINT,small,-87.686629,41.810113,CONSERVATION
FAILED,CN101015,OPEN,COMPLAINT,small,-87.622248,41.699005,SPECIAL TASK FORCE
FAILED,CN194029,OPEN,COMPLAINT,small,-87.648656,41.955783,CONSERVATION
FAILED,CN079014,OPEN,COMPLAINT,small,-87.712719,41.749474,CONSERVATION
PASSED,VT1010,COMPLIED,PERMIT,small,-87.702825,41.948335,VENTILATION
FAILED,CN079023,OPEN,COMPLAINT,small,-87.578215,41.762956,CONSERVATION
FAILED,CN196029,OPEN,COMPLAINT,small,-87.682433,41.91966,CONSERVATION
FAILED,CN110025,OPEN,COMPLAINT,small,-87.687953,41.744667,CONSERVATION
FAILED,CN190019,OPEN,COMPLAINT,small,-87.646922,41.932651,CONSERVATION
FAILED,CN165017,OPEN,COMPLAINT,small,-87.69701,41.996344,CONSERVATION
FAILED,CN198019,OPEN,COMPLAINT,small,-87.729338,41.84654,CONSERVATION
FAILED,CN136016,OPEN,COMPLAINT,small,-87.757295,41.873672,CONSERVATION
PASSED,VT1010,COMPLIED,PERMIT,small,-87.749752,41.920632,VENTILATION
FAILED,EV1111,OPEN,PERIODIC,small,-87.655432,41.986481,ELEVATOR
FAILED,CN071014,OPEN,COMPLAINT,small,-87.64542,41.762993,CONSERVATION
FAILED,CN104055,OPEN,COMPLAINT,small,-87.738189,41.884118,CONSERVATION
FAILED,CN079014,OPEN,COMPLAINT,small,-87.753121,41.890043,CONSERVATION
FAILED,CN194039,OPEN,COMPLAINT,small,-87.723217,41.8345,CONSERVATION
FAILED,CN104015,OPEN,COMPLAINT,small,-87.732429,41.807649,SPECIAL INSPECTION PROGRAM
FAILED,CN197019,OPEN,COMPLAINT,small,-87.723643,41.900214,CONSERVATION
FAILED,CN067014,OPEN,COMPLAINT,small,-87.669999,41.900076,CONSERVATION
FAILED,CN190019,OPEN,COMPLAINT,small,-87.692814,41.762118,CONSERVATION
FAILED,CN070024,OPEN,COMPLAINT,small,-87.643435,41.915632,CONSERVATION
FAILED,CN101025,OPEN,COMPLAINT,small,-87.601362,41.737866,CONSERVATION
FAILED,CN196029,OPEN,COMPLAINT,small,-87.657681,41.767873,CONSERVATION
PASSED,BR2080,COMPLIED,PERIODIC,small,-87.748479,41.91883,BOILER
FAILED,EV1310,OPEN,COMPLAINT,small,-87.673705,41.892432,ELEVATOR
FAILED,CN198019,OPEN,COMPLAINT,small,-87.544163,41.730781,CONSERVATION
FAILED,NC2022,OPEN,COMPLAINT,small,-87.78664,41.984224,NEW CONSTRUCTION
FAILED,CN190019,OPEN,COMPLAINT,small,-87.735128,41.883142,CONSERVATION
FAILED,PL157047,OPEN,COMPLAINT,small,-87.715274,41.968271,CONSERVATION
FAILED,EL0085,OPEN,COMPLAINT,small,-87.618582,41.699416,SPECIAL TASK FORCE
FAILED,CN138056,OPEN,COMPLAINT,small,-87.758184,41.945876,CONSERVATION
FAILED,NC2011,OPEN,COMPLAINT,small,-87.661799,42.00265,CONSERVATION
FAILED,CN076044,OPEN,COMPLAINT,small,-87.786532,41.910624,CONSERVATION
FAILED,CN063024,OPEN,COMPLAINT,small,-87.719238,41.905636,CONSERVATION
FAILED,CN073024,OPEN,COMPLAINT,small,-87.543164,41.742853,CONSERVATION
FAILED,CN194029,OPEN,COMPLAINT,small,-87.726443,41.902468,SPECIAL TASK FORCE
FAILED,CN067014,OPEN,COMPLAINT,small,-87.703704,42.013684,CONSERVATION
FAILED,PL232011,OPEN,COMPLAINT,small,-87.716504,41.872749,SPECIAL TASK FORCE
FAILED,CN111025,OPEN,COMPLAINT,small,-87.715786,41.871849,CONSERVATION
PASSED,EV1111,COMPLIED,PERIODIC,small,-87.677737,41.916524,ELEVATOR
FAILED,EV1110,OPEN,PERMIT,small,-87.633875,41.880769,ELEVATOR
PASSED,CN197019,COMPLIED,COMPLAINT,small,-87.632409,41.838335,CONSERVATION
FAILED,PL158017,OPEN,COMPLAINT,small,-87.666954,41.786117,SPECIAL TASK FORCE
FAILED,NC5022,OPEN,COMPLAINT,small,-87.616682,41.67366,CONSERVATION
FAILED,CN104035,OPEN,COMPLAINT,small,-87.666743,41.78921,CONSERVATION
FAILED,CN131016,OPEN,COMPLAINT,small,-87.693904,41.878259,CONSERVATION
FAILED,CN076044,OPEN,COMPLAINT,small,-87.650303,41.764118,CONSERVATION
PASSED,EV1111,COMPLIED,PERIODIC,small,-87.773479,41.977874,ELEVATOR
FAILED,CN196029,OPEN,PERIODIC,small,-87.665917,41.951398,CONSERVATION
FAILED,CN136026,OPEN,PERIODIC,small,-87.644481,41.929395,CONSERVATION
FAILED,NC2011,OPEN,COMPLAINT,small,-87.717998,41.912666,CONSERVATION
FAILED,CN196029,OPEN,COMPLAINT,small,-87.724845,41.8041,CONSERVATION
FAILED,CN062024,OPEN,COMPLAINT,small,-87.606995,41.778204,CONSERVATION
FAILED,CN062034,OPEN,COMPLAINT,small,-87.566334,41.749089,CONSERVATION
FAILED,199029,OPEN,COMPLAINT,small,-87.663733,41.977431,VENTILATION
FAILED,CN067014,OPEN,COMPLAINT,small,-87.604507,41.808902,CONSERVATION
FAILED,CN067014,OPEN,COMPLAINT,small,-87.557235,41.728662,CONSERVATION
FAILED,CN063014,OPEN,COMPLAINT,small,-87.696085,41.846331,CONSERVATION
FAILED,NC2011,OPEN,COMPLAINT,small,-87.6855,41.967635,NEW CONSTRUCTION
FAILED,CN015012,OPEN,COMPLAINT,small,-87.765616,41.924096,CONSERVATION
FAILED,CN104015,OPEN,COMPLAINT,small,-87.646715,41.754446,CONSERVATION
PASSED,VT2020,COMPLIED,PERMIT,small,-87.749913,41.953274,VENTILATION
FAILED,EL0029,OPEN,PERIODIC,small,-87.647332,41.939899,CONSERVATION
FAILED,EL0096,OPEN,COMPLAINT,small,-87.784187,41.792187,SIGNS
FAILED,PL151137,OPEN,PERMIT,small,-87.747318,41.911549,PLUMBING
FAILED,CN065034,OPEN,COMPLAINT,small,-87.684659,42.01838,CONSERVATION
FAILED,CN070034,OPEN,COMPLAINT,small,-87.761965,41.907354,CONSERVATION
FAILED,CN197079,OPEN,COMPLAINT,small,-87.579155,41.763139,CONSERVATION
FAILED,ELBC06,OPEN,PERMIT,small,-87.715763,41.929612,ELECTRICAL
FAILED,CN136016,OPEN,COMPLAINT,small,-87.653157,41.780285,CONSERVATION
FAILED,CN076044,OPEN,COMPLAINT,large,-87.705373,41.850884,CONSERVATION
FAILED,CN190020,OPEN,COMPLAINT,small,-87.767683,41.933458,CONSERVATION
FAILED,NC2071,OPEN,COMPLAINT,small,-87.67314,41.794039,SPECIAL TASK FORCE
FAILED,CN190019,OPEN,COMPLAINT,small,-87.654926,41.801997,CONSERVATION
FAILED,CN131026,OPEN,PERIODIC,small,-87.601944,41.821634,CONSERVATION
FAILED,CN196029,OPEN,COMPLAINT,small,-87.704332,41.825271,CONSERVATION
FAILED,CN074024,OPEN,COMPLAINT,small,-87.71166,41.897892,CONSERVATION
FAILED,CN197087,OPEN,COMPLAINT,small,-87.673278,41.833211,CONSERVATION
FAILED,CN074014,OPEN,PERIODIC,small,-87.60393,41.744698,CONSERVATION
FAILED,CN061014,OPEN,COMPLAINT,small,-87.676979,41.97891,CONSERVATION
FAILED,CN103015,OPEN,PERIODIC,small,-87.551422,41.730845,CONSERVATION
PASSED,CN077014,COMPLIED,COMPLAINT,small,-87.8006,41.999878,CONSERVATION
FAILED,CN061014,OPEN,COMPLAINT,small,-87.645998,41.832476,CONSERVATION
FAILED,EV1110,OPEN,PERIODIC,small,-87.688415,41.859446,ELEVATOR
FAILED,CN104015,OPEN,COMPLAINT,small,-87.562783,41.753852,CONSERVATION
FAILED,CN101015,OPEN,COMPLAINT,small,-87.669276,41.957121,CONSERVATION
FAILED,CN190019,OPEN,PERIODIC,small,-87.649103,41.931062,CONSERVATION
FAILED,CN197087,OPEN,PERIODIC,small,-87.654481,41.957469,CONSERVATION
FAILED,CN063024,OPEN,COMPLAINT,small,-87.606995,41.778204,CONSERVATION
FAILED,EV1110,OPEN,COMPLAINT,small,-87.623975,41.898949,ELEVATOR
FAILED,EV1110,OPEN,PERMIT,small,-87.624255,41.8903,ELEVATOR
FAILED,VT1010,OPEN,PERMIT,small,-87.644844,41.932051,VENTILATION
FAILED,CN132016,OPEN,COMPLAINT,small,-87.624686,41.826366,CONSERVATION
FAILED,CN190019,OPEN,PERIODIC,small,-87.775274,41.9725,CONSERVATION
FAILED,CN063014,OPEN,COMPLAINT,small,-87.73428,41.924882,CONSERVATION
FAILED,CN134016,OPEN,PERIODIC,small,-87.774507,41.880033,CONSERVATION
FAILED,NC2021,COMPLIED,COMPLAINT,small,-87.729098,41.90922,CONSERVATION
FAILED,CN073044,OPEN,PERIODIC,small,-87.754974,41.873894,CONSERVATION
FAILED,CN070024,COMPLIED,COMPLAINT,small,-87.786092,41.942636,CONSERVATION
FAILED,CN198019,OPEN,COMPLAINT,small,-87.604552,41.731541,CONSERVATION
FAILED,CN104055,OPEN,COMPLAINT,small,-87.63869,41.843502,CONSERVATION
FAILED,CN102015,COMPLIED,COMPLAINT,small,-87.771543,41.880081,SPECIAL TASK FORCE
FAILED,CN194029,OPEN,COMPLAINT,small,-87.659677,41.855069,CONSERVATION
PASSED,BR2080,COMPLIED,PERIODIC,small,-87.812978,41.988575,BOILER
FAILED,VT1030,OPEN,PERMIT,small,-87.720145,41.896193,VENTILATION
FAILED,CN190019,OPEN,COMPLAINT,small,-87.682574,41.70082,CONSERVATION
FAILED,CN061014,OPEN,COMPLAINT,small,-87.696889,41.811273,CONSERVATION
FAILED,CN196019,OPEN,COMPLAINT,small,-87.710793,41.774404,CONSERVATION
FAILED,CN190029,OPEN,PERIODIC,small,-87.680318,41.998939,CONSERVATION
FAILED,CN015062,OPEN,PERIODIC,small,-87.661375,41.885544,SPECIAL INSPECTION PROGRAM
FAILED,CN132016,OPEN,COMPLAINT,small,-87.599557,41.773916,CONSERVATION
FAILED,CN190029,OPEN,PERIODIC,small,-87.551469,41.732842,CONSERVATION
FAILED,EV1110,OPEN,COMPLAINT,small,-87.628499,41.87273,ELEVATOR
FAILED,EV1110,OPEN,PERMIT,small,-87.585756,41.793506,ELEVATOR
FAILED,CN061014,OPEN,COMPLAINT,small,-87.732715,41.780046,CONSERVATION
FAILED,NC2022,OPEN,COMPLAINT,small,-87.634261,41.907562,NEW CONSTRUCTION
FAILED,CN197019,OPEN,COMPLAINT,small,-87.654129,41.760209,CONSERVATION
FAILED,CN196029,OPEN,COMPLAINT,small,-87.602869,41.73405,CONSERVATION
FAILED,CN063014,OPEN,COMPLAINT,small,-87.730698,41.804841,CONSERVATION
FAILED,CN079014,OPEN,COMPLAINT,small,-87.754381,41.947523,CONSERVATION
FAILED,CN105035,OPEN,COMPLAINT,small,-87.682022,41.8838,CONSERVATION
FAILED,CN138026,OPEN,COMPLAINT,small,-87.621229,41.815407,CONSERVATION
FAILED,NC2022,OPEN,COMPLAINT,small,-87.771747,41.883293,NEW CONSTRUCTION
FAILED,NC5012,OPEN,COMPLAINT,small,-87.649469,41.95139,SPECIAL INSPECTION PROGRAM
FAILED,CN136016,OPEN,COMPLAINT,small,-87.707233,41.972932,CONSERVATION
FAILED,CN138056,OPEN,COMPLAINT,small,-87.566003,41.719451,SPECIAL TASK FORCE
FAILED,CN197087,COMPLIED,COMPLAINT,small,-87.657642,41.840415,CONSERVATION
FAILED,EL0019,OPEN,COMPLAINT,small,-87.761435,41.881494,CONSERVATION
FAILED,CN131036,OPEN,COMPLAINT,small,-87.623197,41.817355,CONSERVATION
PASSED,CN196029,COMPLIED,COMPLAINT,small,-87.724716,41.974546,CONSERVATION
FAILED,NC2011,OPEN,COMPLAINT,small,-87.56059,41.764227,CONSERVATION
FAILED,PL233034,OPEN,COMPLAINT,small,-87.765187,41.887109,SPECIAL TASK FORCE
FAILED,VT1010,OPEN,PERMIT,small,-87.699481,41.881852,VENTILATION
FAILED,PL232040,OPEN,COMPLAINT,small,-87.619891,41.750147,PLUMBING
FAILED,CN063014,OPEN,COMPLAINT,small,-87.67475,41.805128,CONSERVATION
FAILED,CN070024,OPEN,COMPLAINT,small,-87.643649,41.806965,CONSERVATION
FAILED,PL157047,OPEN,COMPLAINT,small,-87.706241,41.915691,CONSERVATION
FAILED,EL0025,OPEN,COMPLAINT,small,-87.726265,41.878972,SPECIAL TASK FORCE
FAILED,CN105055,OPEN,COMPLAINT,small,-87.68478,41.92055,CONSERVATION
FAILED,PL168017,OPEN,COMPLAINT,small,-87.677185,41.857758,PLUMBING
FAILED,CN065034,OPEN,PERIODIC,small,-87.686647,41.895856,CONSERVATION
FAILED,CN041063,OPEN,COMPLAINT,small,-87.674004,41.976911,CONSERVATION
PASSED,EL0024,COMPLIED,COMPLAINT,small,-87.718248,41.96326,ELECTRICAL
FAILED,CN061014,OPEN,COMPLAINT,small,-87.672338,41.760003,CONSERVATION
FAILED,EL0084,OPEN,PERMIT,small,-87.6558,41.96304,ELECTRICAL
FAILED,CN190019,OPEN,COMPLAINT,small,-87.616097,41.673669,CONSERVATION
FAILED,CN132046,COMPLIED,PERIODIC,small,-87.663317,41.739973,CONSERVATION
PASSED,EV1110,COMPLIED,PERIODIC,small,-87.630217,41.906687,ELEVATOR
FAILED,NC2021,OPEN,COMPLAINT,small,-87.656788,41.768746,CONSERVATION
FAILED,CN064014,OPEN,PERIODIC,small,-87.650067,41.932551,CONSERVATION
FAILED,CN196029,OPEN,COMPLAINT,small,-87.671316,41.813291,CONSERVATION
FAILED,VT1010,OPEN,PERMIT,small,-87.718007,41.910087,VENTILATION
FAILED,NC2020,OPEN,PERIODIC,small,-87.724448,41.96839,CONSERVATION
FAILED,CN134026,OPEN,COMPLAINT,small,-87.639104,41.90564,CONSERVATION
FAILED,CN198019,OPEN,PERIODIC,small,-87.660147,41.723274,CONSERVATION
PASSED,VT1030,COMPLIED,PERMIT,small,-87.644933,41.879357,VENTILATION
FAILED,CN133016,OPEN,COMPLAINT,small,-87.699318,41.899153,CONSERVATION
PASSED,BR3058,COMPLIED,PERIODIC,small,-87.666109,41.861877,BOILER
FAILED,NC2021,OPEN,COMPLAINT,small,-87.695751,41.781504,CONSERVATION
FAILED,CN015062,OPEN,COMPLAINT,small,-87.739556,41.938818,SPECIAL TASK FORCE
PASSED,EL0064,COMPLIED,COMPLAINT,small,-87.697055,41.917525,ELECTRICAL
FAILED,CN190019,OPEN,COMPLAINT,small,-87.786494,41.945431,CONSERVATION
FAILED,VT2020,OPEN,COMPLAINT,small,-87.641738,41.930453,VENTILATION
FAILED,NC2071,OPEN,COMPLAINT,small,-87.74506,41.878572,SPECIAL TASK FORCE
FAILED,NC2011,OPEN,COMPLAINT,small,-87.672079,41.830536,SPECIAL INSPECTION PROGRAM
FAILED,CN070014,OPEN,COMPLAINT,small,-87.576108,41.750668,CONSERVATION
FAILED,CN197079,OPEN,COMPLAINT,small,-87.616097,41.673669,CONSERVATION
FAILED,PL159027,OPEN,COMPLAINT,small,-87.536641,41.704716,CONSERVATION
FAILED,CN014012,OPEN,COMPLAINT,small,-87.614789,41.740756,CONSERVATION
FAILED,CN194039,OPEN,COMPLAINT,small,-87.735885,41.807823,CONSERVATION
FAILED,NC2061,OPEN,COMPLAINT,small,-87.682333,41.870735,CONSERVATION
FAILED,CN015062,OPEN,PERIODIC,small,-87.702246,41.925764,SPECIAL INSPECTION PROGRAM
FAILED,CN104075,OPEN,COMPLAINT,small,-87.723643,41.900214,CONSERVATION
PASSED,CN134026,COMPLIED,COMPLAINT,small,-87.706149,41.845773,CONSERVATION
FAILED,CN140026,OPEN,COMPLAINT,small,-87.67193,41.990978,CONSERVATION
FAILED,CN062024,OPEN,COMPLAINT,small,-87.721251,41.892541,CONSERVATION
FAILED,EL0024,OPEN,COMPLAINT,small,-87.716655,41.872746,SPECIAL TASK FORCE
FAILED,CN061014,OPEN,COMPLAINT,small,-87.535428,41.716699,CONSERVATION
FAILED,CN196029,OPEN,COMPLAINT,small,-87.666123,41.982482,SPECIAL TASK FORCE
FAILED,EV1110,OPEN,COMPLAINT,small,-87.624275,41.899249,ELEVATOR
FAILED,CN062024,OPEN,PERIODIC,small,-87.581935,41.769636,CONSERVATION
PASSED,EV1110,COMPLIED,PERMIT,small,-87.640837,41.93668,ELEVATOR
PASSED,CN067014,COMPLIED,COMPLAINT,small,-87.620415,41.831639,CONSERVATION
FAILED,EV1110,OPEN,PERIODIC,small,-87.616549,41.813215,ELEVATOR
FAILED,CN074024,OPEN,COMPLAINT,small,-87.663613,41.779594,CONSERVATION
FAILED,CN073024,OPEN,PERIODIC,small,-87.738033,41.880472,CONSERVATION
FAILED,CN067024,OPEN,COMPLAINT,small,-87.772201,41.932022,CONSERVATION
FAILED,CN196029,OPEN,COMPLAINT,small,-87.578247,41.764268,CONSERVATION
FAILED,CN103025,OPEN,COMPLAINT,small,-87.644032,41.755887,SPECIAL INSPECTION PROGRAM
FAILED,EV1110,COMPLIED,PERMIT,small,-87.638617,41.894843,ELEVATOR
FAILED,PL152047,OPEN,COMPLAINT,small,-87.622248,41.699005,SPECIAL TASK FORCE
FAILED,CN196029,OPEN,COMPLAINT,large,-87.73737,41.935197,CONSERVATION
FAILED,CN196029,OPEN,COMPLAINT,small,-87.755796,41.924223,CONSERVATION
FAILED,NC2071,OPEN,COMPLAINT,small,-87.698981,41.853076,CONSERVATION
FAILED,CN198019,COMPLIED,PERIODIC,small,-87.642304,41.923834,CONSERVATION
FAILED,CN196029,OPEN,COMPLAINT,small,-87.648834,41.753895,CONSERVATION
FAILED,CN134016,OPEN,COMPLAINT,small,-87.663932,41.938745,CONSERVATION
FAILED,CN074024,OPEN,COMPLAINT,small,-87.788758,41.774938,CONSERVATION
FAILED,CN074024,COMPLIED,COMPLAINT,small,-87.716753,41.964016,CONSERVATION
FAILED,CN190019,OPEN,COMPLAINT,small,-87.697544,41.876692,CONSERVATION
FAILED,CN196029,OPEN,COMPLAINT,small,-87.533014,41.716684,CONSERVATION
FAILED,EV0061,OPEN,PERIODIC,small,-87.66458,41.921502,ELEVATOR
FAILED,CN190019,OPEN,PERIODIC,small,-87.642758,41.709678,SPECIAL INSPECTION PROGRAM
FAILED,EL0084,OPEN,COMPLAINT,small,-87.661399,41.806004,SPECIAL TASK FORCE
FAILED,EL0096,OPEN,COMPLAINT,small,-87.815617,41.945207,SIGNS
FAILED,CN077014,OPEN,COMPLAINT,small,-87.725444,41.878361,CONSERVATION
FAILED,PL154027,OPEN,COMPLAINT,small,-87.701306,41.749291,CONSERVATION
FAILED,CN070024,OPEN,COMPLAINT,small,-87.620762,41.781637,CONSERVATION
FAILED,EL0036,OPEN,COMPLAINT,small,-87.795958,41.912798,ELECTRICAL
FAILED,CN196029,OPEN,PERIODIC,small,-87.694614,41.902836,CONSERVATION
FAILED,CN067024,OPEN,COMPLAINT,small,-87.722408,41.887649,CONSERVATION
FAILED,CN041063,OPEN,COMPLAINT,small,-87.67168,41.855092,CONSERVATION
FAILED,CN104035,OPEN,COMPLAINT,small,-87.653409,41.778632,CONSERVATION
PASSED,EV1111,COMPLIED,PERMIT,small,-87.647536,41.882563,ELEVATOR
FAILED,CN061014,OPEN,COMPLAINT,small,-87.71002,41.85315,CONSERVATION
PASSED,VT1010,COMPLIED,PERMIT,small,-87.677359,41.912272,VENTILATION
FAILED,CN190019,OPEN,PERIODIC,small,-87.570015,41.769779,CONSERVATION
FAILED,CN196029,OPEN,COMPLAINT,small,-87.669999,41.900076,CONSERVATION
FAILED,CN073014,OPEN,COMPLAINT,small,-87.675679,41.794393,CONSERVATION
FAILED,CN190019,OPEN,COMPLAINT,large,-87.705373,41.850884,CONSERVATION
FAILED,CN107035,OPEN,COMPLAINT,small,-87.727737,41.952766,SPECIAL INSPECTION PROGRAM
FAILED,CN078014,OPEN,COMPLAINT,small,-87.652822,41.781562,CONSERVATION
FAILED,CN194029,OPEN,COMPLAINT,small,-87.71671,41.863762,CONSERVATION
FAILED,EL0029,OPEN,COMPLAINT,small,-87.700968,41.867718,CONSERVATION
FAILED,CN074014,OPEN,COMPLAINT,small,-87.682192,41.992506,CONSERVATION
FAILED,CN065024,OPEN,PERIODIC,small,-87.654481,41.957469,CONSERVATION
FAILED,CN190019,OPEN,COMPLAINT,small,-87.566128,41.753807,CONSERVATION
FAILED,CN015062,OPEN,COMPLAINT,small,-87.664545,41.752014,CONSERVATION
PASSED,EL0084,COMPLIED,COMPLAINT,small,-87.560016,41.751328,ELECTRICAL
FAILED,CN198019,OPEN,COMPLAINT,small,-87.701163,41.777066,CONSERVATION
FAILED,CN134026,OPEN,COMPLAINT,small,-87.702307,41.898777,CONSERVATION
FAILED,NC2021,OPEN,COMPLAINT,small,-87.752065,41.883155,NEW CONSTRUCTION
FAILED,CN196029,OPEN,PERIODIC,small,-87.663752,41.933744,CONSERVATION
FAILED,CN190029,OPEN,PERIODIC,small,-87.645826,41.766908,CONSERVATION
FAILED,CN135016,OPEN,COMPLAINT,small,-87.635837,41.767298,CONSERVATION
FAILED,CN197087,OPEN,COMPLAINT,small,-87.671803,41.854176,CONSERVATION
FAILED,NC2071,OPEN,COMPLAINT,small,-87.717425,41.846098,CONSERVATION
FAILED,RF301041,OPEN,PERMIT,small,-87.649533,41.943975,REFRIGERATION
FAILED,CN138056,OPEN,COMPLAINT,small,-87.589486,41.760652,CONSERVATION
FAILED,CN070014,OPEN,COMPLAINT,small,-87.704801,41.799296,CONSERVATION
FAILED,CN065024,OPEN,COMPLAINT,small,-87.763234,41.885939,CONSERVATION
FAILED,CN165017,OPEN,COMPLAINT,small,-87.631402,41.707174,CONSERVATION
FAILED,CN015062,OPEN,PERIODIC,small,-87.681485,41.903007,CONSERVATION
FAILED,CN105025,OPEN,COMPLAINT,small,-87.622257,41.792359,CONSERVATION
FAILED,CN105035,OPEN,PERIODIC,small,-87.652414,41.957232,CONSERVATION
FAILED,CN077024,OPEN,COMPLAINT,small,-87.705129,41.852492,SPECIAL INSPECTION PROGRAM
FAILED,EV1110,OPEN,COMPLAINT,small,-87.636477,41.893048,ELEVATOR
FAILED,CN138106,OPEN,COMPLAINT,small,-87.764113,41.938715,CONSERVATION
FAILED,CN190019,OPEN,COMPLAINT,small,-87.667912,41.8014,SPECIAL TASK FORCE
FAILED,CN077014,OPEN,COMPLAINT,small,-87.564448,41.714187,CONSERVATION
FAILED,CN041063,OPEN,COMPLAINT,small,-87.621146,41.706404,CONSERVATION
FAILED,NC2011,OPEN,COMPLAINT,small,-87.536641,41.704716,CONSERVATION
FAILED,CN063014,OPEN,COMPLAINT,small,-87.742363,41.968197,CONSERVATION
FAILED,CN198019,OPEN,PERIODIC,small,-87.647332,41.939899,CONSERVATION
FAILED,CN198019,OPEN,PERIODIC,small,-87.633279,41.764721,CONSERVATION
FAILED,NC2011,OPEN,COMPLAINT,small,-87.600531,41.765328,CONSERVATION
FAILED,CN104015,OPEN,COMPLAINT,small,-87.758451,41.907546,CONSERVATION
FAILED,CN070014,OPEN,COMPLAINT,small,-87.626965,41.795916,CONSERVATION
FAILED,VT1010,OPEN,PERMIT,small,-87.704009,41.9147,VENTILATION
FAILED,NC2071,OPEN,COMPLAINT,small,-87.775729,41.962717,CONSERVATION
PASSED,PL151137,OPEN,PERMIT,small,-87.68751,41.892213,PLUMBING
FAILED,CN104015,OPEN,COMPLAINT,small,-87.692662,41.895794,CONSERVATION
FAILED,NC2020,OPEN,COMPLAINT,small,-87.740611,41.873131,CONSERVATION
FAILED,EV1110,OPEN,PERIODIC,small,-87.656757,41.706882,ELEVATOR
PASSED,VT1010,COMPLIED,PERMIT,small,-87.659932,41.93607,VENTILATION
FAILED,CN070014,OPEN,PERIODIC,small,-87.668433,41.979943,CONSERVATION
PASSED,VT1010,COMPLIED,PERMIT,small,-87.698409,41.946789,VENTILATION
FAILED,CN194029,OPEN,PERIODIC,small,-87.623616,41.851312,CONSERVATION
FAILED,CN031023,OPEN,PERIODIC,small,-87.663951,41.854788,CONSERVATION
FAILED,CN070034,OPEN,COMPLAINT,small,-87.708933,41.922325,CONSERVATION
FAILED,EL0096,OPEN,COMPLAINT,small,-87.580515,41.737098,SIGNS
PASSED,BR2010,COMPLIED,PERIODIC,small,-87.641064,41.941074,BOILER
FAILED,IR0000,OPEN,COMPLAINT,small,-87.786665,41.952006,IRON
FAILED,EL0024,OPEN,COMPLAINT,small,-87.618281,41.83178,ELECTRICAL
FAILED,CN138106,OPEN,COMPLAINT,small,-87.660698,41.937188,CONSERVATION
FAILED,EV1110,OPEN,PERIODIC,small,-87.651613,41.97459,ELEVATOR
FAILED,EL0024,OPEN,COMPLAINT,small,-87.636461,41.746424,ELECTRICAL
FAILED,CN067014,OPEN,COMPLAINT,small,-87.658843,41.940634,CONSERVATION
FAILED,CN101015,OPEN,COMPLAINT,small,-87.609121,41.803017,CONSERVATION
FAILED,CN138056,OPEN,COMPLAINT,small,-87.56294,41.760956,CONSERVATION
FAILED,EL0003,OPEN,COMPLAINT,small,-87.730214,41.86599,SPECIAL TASK FORCE
FAILED,CN101015,OPEN,COMPLAINT,small,-87.631402,41.707174,CONSERVATION
PASSED,EL0084,OPEN,PERMIT,small,-87.68842,41.95745,ELECTRICAL
FAILED,CN196029,OPEN,COMPLAINT,small,-87.686088,41.89292,CONSERVATION
FAILED,EV1110,OPEN,PERIODIC,small,-87.672141,41.983328,ELEVATOR
FAILED,CN062024,OPEN,COMPLAINT,small,-87.736773,41.88466,CONSERVATION
FAILED,CN073014,OPEN,COMPLAINT,small,-87.711376,41.880805,SPECIAL TASK FORCE
FAILED,EV1111,OPEN,PERIODIC,small,-87.663168,42.011904,ELEVATOR
FAILED,CN101025,OPEN,COMPLAINT,small,-87.719692,41.970866,CONSERVATION
FAILED,CN076044,OPEN,PERIODIC,small,-87.658453,41.750858,CONSERVATION
FAILED,CN065034,OPEN,PERIODIC,small,-87.605881,41.758461,CONSERVATION
PASSED,EL0085,COMPLIED,PERMIT,small,-87.691602,41.773538,ELECTRICAL
FAILED,CN197019,OPEN,PERIODIC,small,-87.659824,41.980065,CONSERVATION
FAILED,CN063014,OPEN,COMPLAINT,small,-87.698558,41.748951,CONSERVATION
FAILED,CN070024,OPEN,COMPLAINT,small,-87.641956,41.855993,CONSERVATION
FAILED,CN041063,COMPLIED,COMPLAINT,small,-87.655323,41.806085,CONSERVATION
FAILED,CN076034,OPEN,COMPLAINT,small,-87.750145,41.883729,CONSERVATION
FAILED,EV1110,COMPLIED,PERIODIC,small,-87.642587,41.938605,ELEVATOR
FAILED,CN077014,OPEN,COMPLAINT,small,-87.688059,41.767263,CONSERVATION
FAILED,CN063024,OPEN,COMPLAINT,small,-87.71692,41.959806,CONSERVATION
FAILED,PL237020,OPEN,COMPLAINT,small,-87.578628,41.76674,SPECIAL TASK FORCE
FAILED,CN196029,OPEN,COMPLAINT,small,-87.752247,41.892102,CONSERVATION
FAILED,CN103015,OPEN,PERIODIC,small,-87.687189,41.97603,CONSERVATION
FAILED,CN064014,OPEN,COMPLAINT,small,-87.752632,41.884753,CONSERVATION
FAILED,EV1111,COMPLIED,PERMIT,small,-87.648229,41.885542,ELEVATOR
FAILED,CN104015,OPEN,COMPLAINT,small,-87.69701,41.996344,CONSERVATION
FAILED,CN196019,OPEN,COMPLAINT,small,-87.573744,41.767488,CONSERVATION
FAILED,CN190019,OPEN,COMPLAINT,small,-87.54984,41.734916,CONSERVATION
FAILED,CN061074,OPEN,COMPLAINT,small,-87.723032,41.866312,CONSERVATION
FAILED,CN061014,OPEN,COMPLAINT,small,-87.684324,41.832709,CONSERVATION
FAILED,CN197079,OPEN,COMPLAINT,small,-87.668325,41.806857,CONSERVATION
FAILED,CN061014,OPEN,PERIODIC,small,-87.703866,41.997596,CONSERVATION
FAILED,CN077014,OPEN,COMPLAINT,small,-87.602023,41.764775,CONSERVATION
FAILED,CN065034,OPEN,COMPLAINT,small,-87.662498,41.766489,CONSERVATION
PASSED,BR2080,COMPLIED,PERIODIC,small,-87.777137,41.934179,BOILER
FAILED,EV1110,OPEN,PERMIT,small,-87.637175,41.882411,ELEVATOR
FAILED,CN073054,OPEN,COMPLAINT,small,-87.707731,41.904766,CONSERVATION
FAILED,PL232011,OPEN,COMPLAINT,small,-87.675121,41.773727,SPECIAL TASK FORCE
FAILED,CN133016,OPEN,PERIODIC,small,-87.563304,41.759773,CONSERVATION
FAILED,CN070024,OPEN,COMPLAINT,small,-87.676524,41.791638,SPECIAL TASK FORCE
FAILED,VT1010,OPEN,PERMIT,small,-87.693891,41.962304,VENTILATION
FAILED,CN070024,OPEN,COMPLAINT,small,-87.612487,41.82019,CONSERVATION
FAILED,EV1111,OPEN,PERIODIC,small,-87.6613,42.006313,ELEVATOR
FAILED,CN061014,OPEN,COMPLAINT,small,-87.773049,41.909175,CONSERVATION
FAILED,CN062024,OPEN,COMPLAINT,small,-87.709219,41.857593,SPECIAL TASK FORCE
FAILED,NC2011,OPEN,COMPLAINT,small,-87.57121,41.765121,NEW CONSTRUCTION
PASSED,EV1111,COMPLIED,PERIODIC,small,-87.633383,41.913769,ELEVATOR
FAILED,CN190019,OPEN,COMPLAINT,small,-87.822904,41.941032,CONSERVATION
FAILED,CN064014,OPEN,PERIODIC,small,-87.603674,41.821871,CONSERVATION
FAILED,199029,OPEN,COMPLAINT,small,-87.727582,41.957497,VENTILATION
FAILED,CN073044,OPEN,COMPLAINT,small,-87.748245,41.971565,SPECIAL TASK FORCE
FAILED,PL171017,OPEN,COMPLAINT,small,-87.745933,41.894362,SPECIAL TASK FORCE
FAILED,CN073014,OPEN,COMPLAINT,small,-87.657756,41.806165,CONSERVATION
FAILED,CN190019,OPEN,COMPLAINT,small,-87.699516,41.950694,CONSERVATION
FAILED,CN190019,OPEN,COMPLAINT,small,-87.763736,41.925685,CONSERVATION
FAILED,NC2071,OPEN,COMPLAINT,small,-87.760464,41.952204,CONSERVATION
FAILED,CN063014,OPEN,COMPLAINT,small,-87.688472,41.959155,CONSERVATION
FAILED,CN061014,OPEN,COMPLAINT,small,-87.691612,41.797584,CONSERVATION
FAILED,CN190019,OPEN,PERIODIC,small,-87.615694,41.777088,CONSERVATION
FAILED,CN061014,OPEN,PERIODIC,small,-87.664087,41.780012,CONSERVATION
FAILED,CN103025,OPEN,COMPLAINT,small,-87.725139,41.879877,SPECIAL TASK FORCE
FAILED,CN198019,OPEN,PERIODIC,small,-87.585354,41.7988,CONSERVATION
FAILED,CN132016,OPEN,COMPLAINT,small,-87.618867,41.675453,CONSERVATION
FAILED,CN017012,OPEN,PERIODIC,small,-87.635779,41.893783,SPECIAL INSPECTION PROGRAM
FAILED,CN196029,OPEN,COMPLAINT,small,-87.646221,41.829342,CONSERVATION
FAILED,PL157027,OPEN,COMPLAINT,small,-87.623083,41.686931,CONSERVATION
FAILED,CN103025,OPEN,COMPLAINT,small,-87.691826,41.903801,CONSERVATION
FAILED,CN073014,OPEN,COMPLAINT,small,-87.797836,41.932935,CONSERVATION
FAILED,CN197079,COMPLIED,COMPLAINT,small,-87.712493,41.895008,CONSERVATION
FAILED,CN031023,OPEN,COMPLAINT,small,-87.625936,41.690629,CONSERVATION
FAILED,EL0056,OPEN,COMPLAINT,small,-87.641523,41.753314,SPECIAL TASK FORCE
FAILED,CN105055,OPEN,PERIODIC,small,-87.621014,41.795607,CONSERVATION
FAILED,CN070024,OPEN,COMPLAINT,small,-87.760618,41.927613,CONSERVATION
FAILED,CN031023,OPEN,COMPLAINT,small,-87.649292,41.945698,SPECIAL INSPECTION PROGRAM
FAILED,NC2021,OPEN,COMPLAINT,small,-87.702841,41.869968,CONSERVATION
FAILED,NC2020,OPEN,COMPLAINT,small,-87.723584,41.928076,CONSERVATION
FAILED,CN104015,OPEN,COMPLAINT,small,-87.63116,41.765899,CONSERVATION
FAILED,CN138106,OPEN,COMPLAINT,small,-87.771705,41.97036,CONSERVATION
FAILED,CN062024,OPEN,COMPLAINT,small,-87.706166,41.968097,CONSERVATION
FAILED,CN079014,COMPLIED,COMPLAINT,small,-87.725879,41.941306,CONSERVATION
FAILED,CN198019,OPEN,PERIODIC,small,-87.594865,41.783693,CONSERVATION
FAILED,PL171027,OPEN,COMPLAINT,small,-87.761229,41.885881,PLUMBING
FAILED,EL0003,OPEN,COMPLAINT,small,-87.683297,41.878743,SPECIAL TASK FORCE
FAILED,EV1110,COMPLIED,PERMIT,small,-87.629106,41.87647,ELEVATOR
FAILED,VT1010,OPEN,PERMIT,small,-87.672372,41.949596,VENTILATION
FAILED,PL161027,OPEN,COMPLAINT,small,-87.720907,41.880968,CONSERVATION
FAILED,CN138056,OPEN,PERIODIC,small,-87.560015,41.751215,CONSERVATION
FAILED,EL0064,OPEN,COMPLAINT,small,-87.688618,41.911691,ELECTRICAL
FAILED,CN190019,OPEN,COMPLAINT,small,-87.669276,41.957121,CONSERVATION
FAILED,EV1110,OPEN,PERMIT,small,-87.629071,41.874966,ELEVATOR
FAILED,EV1110,OPEN,PERMIT,small,-87.642865,41.947338,ELEVATOR
FAILED,CN104025,OPEN,COMPLAINT,small,-87.652793,41.838546,CONSERVATION
FAILED,CN065014,OPEN,PERIODIC,small,-87.724458,41.845747,CONSERVATION
PASSED,EL0033,OPEN,PERMIT,small,-87.688819,41.795311,ELECTRICAL
FAILED,CN074024,OPEN,COMPLAINT,small,-87.621425,41.675414,CONSERVATION
PASSED,BR2080,COMPLIED,PERIODIC,small,-87.791705,41.985552,BOILER
FAILED,CN140016,OPEN,COMPLAINT,small,-87.627031,41.786379,CONSERVATION
FAILED,CN065014,OPEN,PERIODIC,small,-87.622338,41.784139,CONSERVATION
FAILED,CN190019,OPEN,PERIODIC,small,-87.725167,41.982966,CONSERVATION
FAILED,CN138106,OPEN,COMPLAINT,small,-87.753314,41.968069,CONSERVATION
FAILED,CN190019,OPEN,PERIODIC,small,-87.648026,41.925573,CONSERVATION
FAILED,PL194029,OPEN,COMPLAINT,small,-87.694634,41.871877,SPECIAL TASK FORCE
FAILED,CN196029,OPEN,COMPLAINT,small,-87.548074,41.745809,CONSERVATION
PASSED,CN138056,COMPLIED,COMPLAINT,small,-87.570153,41.718774,CONSERVATION
FAILED,EV1110,OPEN,PERMIT,small,-87.64993,41.853301,ELEVATOR
FAILED,CN190020,OPEN,COMPLAINT,small,-87.713629,41.933957,CONSERVATION
FAILED,CN196029,OPEN,COMPLAINT,small,-87.663608,41.857559,CONSERVATION
FAILED,CN190019,OPEN,COMPLAINT,small,-87.574563,41.748472,CONSERVATION
FAILED,CN135016,OPEN,COMPLAINT,small,-87.683498,41.80035,CONSERVATION
FAILED,CN196029,OPEN,COMPLAINT,small,-87.758336,41.930359,CONSERVATION
FAILED,CN062024,OPEN,COMPLAINT,small,-87.624819,41.817164,CONSERVATION
PASSED,BR1001,COMPLIED,PERIODIC,small,-87.724427,41.833593,BOILER
FAILED,RF301031,OPEN,PERIODIC,small,-87.686757,41.76453,REFRIGERATION
FAILED,PL159017,OPEN,COMPLAINT,small,-87.676811,41.802072,SPECIAL TASK FORCE
FAILED,CN063014,OPEN,COMPLAINT,small,-87.602894,41.750937,CONSERVATION
FAILED,CN076044,OPEN,COMPLAINT,small,-87.724072,41.879672,CONSERVATION
FAILED,EV1110,OPEN,PERMIT,small,-87.642996,41.896585,ELEVATOR
FAILED,PL171027,OPEN,COMPLAINT,small,-87.716655,41.872746,SPECIAL TASK FORCE
FAILED,EV1110,COMPLIED,PERMIT,small,-87.635807,41.879473,ELEVATOR
FAILED,VT1010,OPEN,PERMIT,small,-87.657922,41.966358,VENTILATION
FAILED,CN196019,OPEN,PERIODIC,small,-87.593,41.799605,CONSERVATION
FAILED,EV1110,OPEN,PERMIT,small,-87.653321,41.87647,ELEVATOR
FAILED,CN073044,OPEN,COMPLAINT,small,-87.653127,41.767998,SPECIAL TASK FORCE
FAILED,CN135016,OPEN,COMPLAINT,small,-87.663438,41.802218,CONSERVATION
FAILED,NC6012,OPEN,PERIODIC,small,-87.694614,41.902836,CONSERVATION
FAILED,NC2071,OPEN,COMPLAINT,small,-87.72433,41.866981,SPECIAL TASK FORCE
FAILED,EV1110,OPEN,PERMIT,small,-87.622894,41.893469,ELEVATOR
FAILED,NC2071,OPEN,COMPLAINT,small,-87.668438,41.807519,CONSERVATION
FAILED,CN190019,COMPLIED,COMPLAINT,small,-87.753526,41.948892,CONSERVATION
FAILED,EL0020,OPEN,COMPLAINT,small,-87.656099,41.742576,CONSERVATION
FAILED,CN196029,OPEN,COMPLAINT,small,-87.704929,41.967654,CONSERVATION
FAILED,VT1010,OPEN,PERMIT,small,-87.668858,41.823669,VENTILATION
FAILED,PL232011,OPEN,COMPLAINT,small,-87.739556,41.938818,SPECIAL TASK FORCE
FAILED,CN067024,OPEN,COMPLAINT,small,-87.7276,41.900052,CONSERVATION
FAILED,CN190019,OPEN,COMPLAINT,small,-87.65676,41.767717,CONSERVATION
FAILED,CN198019,OPEN,COMPLAINT,small,-87.54807,41.74564,CONSERVATION
FAILED,CN132016,OPEN,COMPLAINT,small,-87.648008,41.786871,CONSERVATION
FAILED,CN074024,OPEN,COMPLAINT,small,-87.675429,41.848781,SPECIAL INSPECTION PROGRAM
PASSED,EV1111,COMPLIED,PERMIT,small,-87.707969,41.857189,ELEVATOR
FAILED,CN061014,OPEN,COMPLAINT,small,-87.622284,41.712537,CONSERVATION
FAILED,CN063024,OPEN,COMPLAINT,small,-87.653131,41.872594,CONSERVATION
FAILED,CN107035,OPEN,PERIODIC,small,-87.647586,41.752614,CONSERVATION
FAILED,CN062024,OPEN,COMPLAINT,small,-87.551514,41.734557,CONSERVATION
FAILED,CN140026,OPEN,COMPLAINT,small,-87.762461,41.929612,CONSERVATION
FAILED,CN015012,OPEN,COMPLAINT,small,-87.727674,41.871709,CONSERVATION
FAILED,CN196029,OPEN,COMPLAINT,small,-87.751941,41.901801,SPECIAL TASK FORCE
FAILED,EV1110,OPEN,PERIODIC,small,-87.658527,41.851425,ELEVATOR
FAILED,CN194019,OPEN,PERIODIC,small,-87.565658,41.758887,SPECIAL INSPECTION PROGRAM
PASSED,CN138056,COMPLIED,COMPLAINT,small,-87.579467,41.763983,CONSERVATION
FAILED,CN073014,OPEN,COMPLAINT,small,-87.612472,41.692638,CONSERVATION
FAILED,CN061014,OPEN,COMPLAINT,small,-87.676044,41.898236,CONSERVATION
FAILED,CN074014,OPEN,COMPLAINT,small,-87.695429,41.979383,CONSERVATION
FAILED,CN104015,OPEN,COMPLAINT,small,-87.692599,41.852965,CONSERVATION
FAILED,CN061014,OPEN,COMPLAINT,small,-87.566003,41.719451,SPECIAL TASK FORCE
FAILED,IR0002,OPEN,COMPLAINT,small,-87.670926,41.809487,CONSERVATION
FAILED,CN061014,OPEN,COMPLAINT,small,-87.66243,41.920044,SPECIAL INSPECTION PROGRAM
PASSED,NC5012,COMPLIED,COMPLAINT,small,-87.665753,42.001158,CONSERVATION
FAILED,CN070014,OPEN,COMPLAINT,small,-87.623259,41.769616,CONSERVATION
FAILED,EL0096,OPEN,COMPLAINT,small,-87.721739,41.924435,SIGNS
FAILED,PL169017,OPEN,COMPLAINT,small,-87.65676,41.767717,PLUMBING
FAILED,CN190019,OPEN,COMPLAINT,small,-87.705541,41.9473,CONSERVATION
FAILED,CN101015,OPEN,COMPLAINT,small,-87.601502,41.736803,CONSERVATION
FAILED,CN190029,OPEN,PERIODIC,small,-87.645632,41.943565,CONSERVATION
FAILED,PL152017,OPEN,COMPLAINT,small,-87.757264,41.880455,SPECIAL TASK FORCE
FAILED,CN104015,OPEN,COMPLAINT,small,-87.637722,41.74779,CONSERVATION
FAILED,CN064014,OPEN,PERIODIC,small,-87.661203,41.859004,CONSERVATION
FAILED,CN063014,OPEN,COMPLAINT,small,-87.647,41.802581,CONSERVATION
FAILED,CN190019,OPEN,COMPLAINT,small,-87.648313,41.939884,CONSERVATION
FAILED,CN197039,OPEN,COMPLAINT,small,-87.719953,41.849135,CONSERVATION
FAILED,CN197087,OPEN,COMPLAINT,small,-87.719787,41.854772,CONSERVATION
FAILED,CN062024,OPEN,COMPLAINT,small,-87.602262,41.740224,CONSERVATION
FAILED,CN065034,OPEN,COMPLAINT,small,-87.675299,41.916092,CONSERVATION
FAILED,CN101025,OPEN,COMPLAINT,small,-87.699281,41.868186,CONSERVATION
FAILED,EL0029,OPEN,COMPLAINT,small,-87.686038,41.815247,CONSERVATION
FAILED,CN079014,OPEN,COMPLAINT,small,-87.600352,41.746677,CONSERVATION
PASSED,EV1110,COMPLIED,PERIODIC,small,-87.647959,41.883246,ELEVATOR
FAILED,CN061014,OPEN,PERIODIC,small,-87.666523,41.876625,SPECIAL INSPECTION PROGRAM
FAILED,NC2021,OPEN,COMPLAINT,small,-87.766955,41.783083,CONSERVATION
FAILED,CN076044,OPEN,COMPLAINT,small,-87.704282,41.855112,CONSERVATION
FAILED,CN190019,OPEN,COMPLAINT,small,-87.662313,41.748119,CONSERVATION
FAILED,CN074024,OPEN,COMPLAINT,small,-87.595201,41.811245,SPECIAL TASK FORCE
FAILED,ELGB03,OPEN,PERMIT,small,-87.711492,41.892444,ELECTRICAL
FAILED,CN070024,OPEN,COMPLAINT,small,-87.543124,41.740809,CONSERVATION
FAILED,CN138056,OPEN,COMPLAINT,small,-87.640922,41.766417,CONSERVATION
PASSED,EV1110,COMPLIED,PERMIT,small,-87.662387,41.883007,ELEVATOR
FAILED,PL159017,OPEN,COMPLAINT,small,-87.696505,41.851779,SPECIAL TASK FORCE
FAILED,NC5012,OPEN,PERIODIC,small,-87.624024,41.855546,SPECIAL INSPECTION PROGRAM
FAILED,CN105025,OPEN,COMPLAINT,small,-87.659264,41.745063,CONSERVATION
FAILED,NC2071,OPEN,COMPLAINT,small,-87.774906,41.94681,CONSERVATION
FAILED,CN134016,OPEN,COMPLAINT,small,-87.587198,41.767979,CONSERVATION
FAILED,CN070024,OPEN,COMPLAINT,small,-87.768916,41.895346,CONSERVATION
FAILED,RF301031,OPEN,PERIODIC,small,-87.702364,41.753883,REFRIGERATION
FAILED,CN031023,OPEN,COMPLAINT,small,-87.682244,41.793938,CONSERVATION
FAILED,EL0085,OPEN,COMPLAINT,small,-87.70373,41.779775,SPECIAL TASK FORCE
PASSED,VT1010,COMPLIED,PERMIT,small,-87.643323,41.765592,VENTILATION
FAILED,CN077014,OPEN,COMPLAINT,small,-87.650958,41.836384,CONSERVATION
FAILED,CN061074,OPEN,PERIODIC,small,-87.651228,41.930957,CONSERVATION
FAILED,EL0086,OPEN,COMPLAINT,small,-87.645333,41.735939,SPECIAL TASK FORCE
FAILED,EL0019,OPEN,COMPLAINT,small,-87.726553,41.912199,ELECTRICAL
FAILED,CN061014,OPEN,COMPLAINT,small,-87.786641,41.991653,CONSERVATION
FAILED,PL162017,OPEN,COMPLAINT,small,-87.601672,41.750495,CONSERVATION
FAILED,CN196029,OPEN,COMPLAINT,small,-87.733248,41.86412,CONSERVATION
FAILED,CN075014,OPEN,COMPLAINT,large,-87.809589,41.998527,CONSERVATION
FAILED,CN065014,OPEN,COMPLAINT,small,-87.68479,41.768202,CONSERVATION
FAILED,CN064014,COMPLIED,COMPLAINT,small,-87.602016,41.775318,CONSERVATION
FAILED,CN073044,OPEN,COMPLAINT,small,-87.728895,41.863011,SPECIAL TASK FORCE
FAILED,PL239010,OPEN,COMPLAINT,small,-87.73769,41.938844,SPECIAL TASK FORCE
FAILED,CN064014,OPEN,COMPLAINT,small,-87.614335,41.812255,CONSERVATION
PASSED,VT1010,OPEN,PERMIT,small,-87.668476,41.990927,VENTILATION
FAILED,CN074014,OPEN,COMPLAINT,small,-87.654202,41.686052,SPECIAL TASK FORCE
FAILED,CN138066,OPEN,COMPLAINT,small,-87.695628,41.896154,CONSERVATION
FAILED,CN135016,OPEN,COMPLAINT,small,-87.722516,41.906205,CONSERVATION
FAILED,CN077014,OPEN,COMPLAINT,small,-87.834906,41.943616,CONSERVATION
FAILED,CN061014,OPEN,COMPLAINT,small,-87.785303,41.777508,SPECIAL INSPECTION PROGRAM
FAILED,CN136016,OPEN,COMPLAINT,small,-87.577085,41.764558,CONSERVATION
FAILED,CN077014,OPEN,PERIODIC,small,-87.656679,41.990485,CONSERVATION
FAILED,CN104025,OPEN,COMPLAINT,small,-87.546782,41.742423,CONSERVATION
FAILED,PL162017,OPEN,COMPLAINT,small,-87.729215,41.877824,SPECIAL TASK FORCE
FAILED,CN063014,OPEN,COMPLAINT,small,-87.669786,41.766464,CONSERVATION
FAILED,CN190029,OPEN,PERIODIC,small,-87.680948,41.991928,CONSERVATION
FAILED,CN077014,OPEN,COMPLAINT,small,-87.557913,41.66197,CONSERVATION
FAILED,CN065014,OPEN,COMPLAINT,small,-87.669154,41.752215,CONSERVATION
FAILED,CN106015,OPEN,COMPLAINT,small,-87.717998,41.912666,CONSERVATION
FAILED,CN197019,OPEN,COMPLAINT,small,-87.71375,41.855707,CONSERVATION
FAILED,PL171017,OPEN,COMPLAINT,small,-87.711015,41.88452,SPECIAL TASK FORCE
FAILED,NC2011,OPEN,COMPLAINT,small,-87.689666,41.95297,NEW CONSTRUCTION
FAILED,CN075014,OPEN,COMPLAINT,small,-87.788974,41.99836,CONSERVATION
FAILED,CN131016,OPEN,COMPLAINT,small,-87.718663,41.937127,CONSERVATION
PASSED,CN197039,COMPLIED,COMPLAINT,small,-87.761435,41.881494,CONSERVATION
FAILED,CN062024,OPEN,COMPLAINT,small,-87.661149,41.964348,CONSERVATION
FAILED,CN190019,OPEN,PERIODIC,small,-87.707386,41.925405,CONSERVATION
FAILED,CN062034,OPEN,COMPLAINT,small,-87.649406,41.776134,CONSERVATION
FAILED,CN190019,OPEN,COMPLAINT,small,-87.703378,41.957204,PLUMBING
FAILED,CN076014,OPEN,COMPLAINT,small,-87.554156,41.72644,CONSERVATION
FAILED,CN062024,OPEN,COMPLAINT,small,-87.684083,41.768432,CONSERVATION
FAILED,CN061014,OPEN,PERIODIC,small,-87.70221,41.91656,CONSERVATION
FAILED,CN061014,OPEN,PERIODIC,small,-87.60975,41.78134,CONSERVATION
FAILED,CN105085,OPEN,COMPLAINT,small,-87.763234,41.885939,CONSERVATION
FAILED,NC2011,OPEN,COMPLAINT,small,-87.606564,41.750036,NEW CONSTRUCTION
FAILED,CN132016,OPEN,COMPLAINT,small,-87.591249,41.770352,CONSERVATION
FAILED,CN104015,OPEN,COMPLAINT,small,-87.733466,41.878885,CONSERVATION
FAILED,NC5042,OPEN,COMPLAINT,small,-87.672155,41.877645,CONSERVATION
FAILED,CN138056,OPEN,COMPLAINT,small,-87.601502,41.736803,CONSERVATION
FAILED,EV1111,OPEN,PERIODIC,small,-87.706694,41.864829,ELEVATOR
FAILED,CN069014,OPEN,PERIODIC,small,-87.576478,41.767353,CONSERVATION
FAILED,EL0096,OPEN,COMPLAINT,small,-87.621994,41.835028,SIGNS
FAILED,CN012022,OPEN,PERIODIC,small,-87.631225,41.889905,SPECIAL INSPECTION PROGRAM
FAILED,NC2011,OPEN,COMPLAINT,small,-87.696526,41.798686,CONSERVATION
FAILED,CN197087,OPEN,PERIODIC,small,-87.665655,41.998224,CONSERVATION
FAILED,CN138056,OPEN,COMPLAINT,small,-87.73173,41.924535,CONSERVATION
FAILED,PL155027,OPEN,COMPLAINT,small,-87.645789,41.755969,CONSERVATION
FAILED,EL0084,OPEN,COMPLAINT,small,-87.661399,41.806004,SPECIAL TASK FORCE
FAILED,CN062024,OPEN,COMPLAINT,small,-87.748196,41.898704,SPECIAL TASK FORCE
FAILED,EL0019,OPEN,COMPLAINT,small,-87.728318,41.880803,SPECIAL TASK FORCE
FAILED,CN079014,OPEN,COMPLAINT,small,-87.63869,41.843502,CONSERVATION
FAILED,EL0096,OPEN,COMPLAINT,small,-87.56125,41.751906,SIGNS